{
  "settings": {
    "6283179903065@s.whatsapp.net": {
      "autoread": false,
      "composing": false,
      "recording": false,
      "autostick": false,
      "urldetect": false,
      "anticall": false,
      "public": true
    }
  },
  "users": {
    "6283179903065@s.whatsapp.net": {
      "name": "Alpha 2.0",
      "limit": 10,
      "point": 0,
      "premium": false,
      "banned": false,
      "lastchat": 1694603321265
    },
    "6285754711287@s.whatsapp.net": {
      "name": "alfaa_",
      "limit": 10,
      "point": 0,
      "premium": false,
      "banned": false,
      "lastchat": 1694603337136
    },
    "6281991868289@s.whatsapp.net": {
      "name": "ㅤ ㅤㅤ ㅤㅤㅤ ㅤ ㅤㅤㅤㅤ ㅤ ㅤㅤ ㅤㅤ ㅤ",
      "limit": 10,
      "point": 0,
      "premium": false,
      "banned": false,
      "lastchat": 1694603340020
    },
    "18608651383@s.whatsapp.net": {
      "name": "ZrillBotz",
      "limit": 10,
      "point": 0,
      "premium": false,
      "banned": false,
      "lastchat": 1694603343794
    },
    "6285883359262@s.whatsapp.net": {
      "name": "Yanz Dev",
      "limit": 10,
      "point": 0,
      "premium": false,
      "banned": false,
      "lastchat": 1694603344360
    },
    "6285870966580@s.whatsapp.net": {
      "name": "S E T Y A",
      "limit": 10,
      "point": 0,
      "premium": false,
      "banned": false,
      "lastchat": 1694603352456
    },
    "6288220286345@s.whatsapp.net": {
      "name": "Firmann",
      "limit": 10,
      "point": 0,
      "premium": false,
      "banned": false,
      "lastchat": 1694603438496
    },
    "62889759847767@s.whatsapp.net": {
      "name": "circumcise",
      "limit": 10,
      "point": 0,
      "premium": false,
      "banned": false,
      "lastchat": 1694603440712
    },
    "62812324078293@s.whatsapp.net": {
      "name": "BOT-Z",
      "limit": 10,
      "point": 0,
      "premium": false,
      "banned": false,
      "lastchat": 1694603442304
    },
    "6287894459112@s.whatsapp.net": {
      "name": "Jkay",
      "limit": 10,
      "point": 0,
      "premium": false,
      "banned": false,
      "lastchat": 1694603442731
    },
    "6283117510596@s.whatsapp.net": {
      "name": "KanzBotz",
      "limit": 10,
      "point": 0,
      "premium": false,
      "banned": false,
      "lastchat": 1694603443241
    },
    "6282219148083@s.whatsapp.net": {
      "name": "Zex Botz",
      "limit": 10,
      "point": 0,
      "premium": false,
      "banned": false,
      "lastchat": 1694603444203
    },
    "6289684459297@s.whatsapp.net": {
      "name": "NEXO-MD",
      "limit": 10,
      "point": 0,
      "premium": false,
      "banned": false,
      "lastchat": 1694603446344
    },
    "6283861543768@s.whatsapp.net": {
      "name": "𝙕𝙖𝙡𝙡𝘽𝙤𝙩𝙯𝙎𝙩𝙤𝙧𝙚⚡",
      "limit": 10,
      "point": 0,
      "premium": false,
      "banned": false,
      "lastchat": 1694603446401
    },
    "6283876909729@s.whatsapp.net": {
      "name": "Prinz Eugen",
      "limit": 10,
      "point": 0,
      "premium": false,
      "banned": false,
      "lastchat": 1694603455011
    },
    "6281239069309@s.whatsapp.net": {
      "name": "Bunga",
      "limit": 10,
      "point": 0,
      "premium": false,
      "banned": false,
      "lastchat": 1694603583844
    },
    "6287711295499@s.whatsapp.net": {
      "name": "Arata Bot - Ver 1.0.0",
      "limit": 10,
      "point": 0,
      "premium": false,
      "banned": false,
      "lastchat": 1694603787036
    },
    "6281389103543@s.whatsapp.net": {
      "name": "AKSZYN STORE",
      "limit": 10,
      "point": 0,
      "premium": false,
      "banned": false,
      "lastchat": 1694603787946
    },
    "62858468011021@s.whatsapp.net": {
      "name": "BOT HANZ",
      "limit": 10,
      "point": 0,
      "premium": false,
      "banned": false,
      "lastchat": 1694603876984
    },
    "62815490273296@s.whatsapp.net": {
      "name": "NickBotz :)",
      "limit": 10,
      "point": 0,
      "premium": false,
      "banned": false,
      "lastchat": 1694603879939
    },
    "6281360048537@s.whatsapp.net": {
      "name": "R,hala Madrid",
      "limit": 10,
      "point": 0,
      "premium": false,
      "banned": false,
      "lastchat": 1694603880625
    },
    "62856955901421@s.whatsapp.net": {
      "name": "62856955901421",
      "limit": 10,
      "point": 0,
      "premium": false,
      "banned": false,
      "lastchat": 1694603881264
    },
    "62815637117145@s.whatsapp.net": {
      "name": "BOT RESELLER PANEL RICKI2",
      "limit": 10,
      "point": 0,
      "premium": false,
      "banned": false,
      "lastchat": 1694603881848
    },
    "6285951551952@s.whatsapp.net": {
      "name": "abot",
      "limit": 10,
      "point": 0,
      "premium": false,
      "banned": false,
      "lastchat": 1694603881985
    },
    "6282181987722@s.whatsapp.net": {
      "name": "NDRa BE",
      "limit": 10,
      "point": 0,
      "premium": false,
      "banned": false,
      "lastchat": 1694603882604
    },
    "6288223777683@s.whatsapp.net": {
      "name": "CHIXZ 14",
      "limit": 10,
      "point": 0,
      "premium": false,
      "banned": false,
      "lastchat": 1694603884246
    },
    "6288291217735@s.whatsapp.net": {
      "name": "RAFKA STORE",
      "limit": 10,
      "point": 0,
      "premium": false,
      "banned": false,
      "lastchat": 1694603886625
    },
    "6281398033683@s.whatsapp.net": {
      "name": "᭖͜͡𝙇𝙤𝙠𝙯𝙯𝙈𝙤𝙙𝙨",
      "limit": 10,
      "point": 0,
      "premium": false,
      "banned": false,
      "lastchat": 1694603900317
    },
    "62882003889958@s.whatsapp.net": {
      "name": "bie",
      "limit": 10,
      "point": 0,
      "premium": false,
      "banned": false,
      "lastchat": 1694603906933
    },
    "6283193905842@s.whatsapp.net": {
      "name": "Khirazz Dev",
      "limit": 10,
      "point": 0,
      "premium": false,
      "banned": false,
      "lastchat": 1694603915559
    },
    "6285280823922@s.whatsapp.net": {
      "name": "Kaze Store | Wabot-ai",
      "limit": 10,
      "point": 0,
      "premium": false,
      "banned": false,
      "lastchat": 1694603916208
    },
    "19254888888@s.whatsapp.net": {
      "name": "Keliph",
      "limit": 10,
      "point": 0,
      "premium": false,
      "banned": false,
      "lastchat": 1694603934721
    },
    "6282395157081@s.whatsapp.net": {
      "name": "z",
      "limit": 10,
      "point": 0,
      "premium": false,
      "banned": false,
      "lastchat": 1694603951554
    },
    "62895365188944@s.whatsapp.net": {
      "name": "HanzzStore",
      "limit": 10,
      "point": 0,
      "premium": false,
      "banned": false,
      "lastchat": 1694603989457
    },
    "6283163784116@s.whatsapp.net": {
      "name": "TANPA NAMA",
      "limit": 10,
      "point": 0,
      "premium": false,
      "banned": false,
      "lastchat": 1694603999698
    },
    "62882945336986@s.whatsapp.net": {
      "name": "Bot Fxzz HOSTING",
      "limit": 10,
      "point": 0,
      "premium": false,
      "banned": false,
      "lastchat": 1694604097957
    },
    "6282217590187@s.whatsapp.net": {
      "name": "Kaze Slebew",
      "limit": 10,
      "point": 0,
      "premium": false,
      "banned": false,
      "lastchat": 1694604210703
    },
    "6287806923281@s.whatsapp.net": {
      "name": "Hehe",
      "limit": 10,
      "point": 0,
      "premium": false,
      "banned": false,
      "lastchat": 1694604268580
    },
    "62877745695315@s.whatsapp.net": {
      "name": "Yoru",
      "limit": 10,
      "point": 0,
      "premium": false,
      "banned": false,
      "lastchat": 1694604323960
    },
    "6287863744351@s.whatsapp.net": {
      "name": "Xinz Bot",
      "limit": 10,
      "point": 0,
      "premium": false,
      "banned": false,
      "lastchat": 1694604325823
    },
    "6281392791658@s.whatsapp.net": {
      "name": "VERSION! 3.0.0",
      "limit": 10,
      "point": 0,
      "premium": false,
      "banned": false,
      "lastchat": 1694604327347
    },
    "16197577757@s.whatsapp.net": {
      "name": "HuTao Bot",
      "limit": 10,
      "point": 0,
      "premium": false,
      "banned": false,
      "lastchat": 1694604327802
    },
    "6283895713185@s.whatsapp.net": {
      "name": "Afaaa Iyhhh",
      "limit": 10,
      "point": 0,
      "premium": false,
      "banned": false,
      "lastchat": 1694604415323
    },
    "6285783417029@s.whatsapp.net": {
      "name": "ムハンマド・レストゥ",
      "limit": 10,
      "point": 0,
      "premium": false,
      "banned": false,
      "lastchat": 1694604424614
    },
    "6281325282528@s.whatsapp.net": {
      "name": "6281325282528",
      "limit": 10,
      "point": 0,
      "premium": false,
      "banned": false,
      "lastchat": 1694604434298
    },
    "62882009645268@s.whatsapp.net": {
      "name": "ツ",
      "limit": 10,
      "point": 0,
      "premium": false,
      "banned": false,
      "lastchat": 1694604437557
    },
    "212706611366@s.whatsapp.net": {
      "name": "Joe",
      "limit": 10,
      "point": 0,
      "premium": false,
      "banned": false,
      "lastchat": 1694604473031
    },
    "6283823911619@s.whatsapp.net": {
      "name": "ZaaXxyZz",
      "limit": 10,
      "point": 0,
      "premium": false,
      "banned": false,
      "lastchat": 1694604484283
    },
    "6281553369810@s.whatsapp.net": {
      "name": "Kayla",
      "limit": 10,
      "point": 0,
      "premium": false,
      "banned": false,
      "lastchat": 1694604488855
    },
    "6289607055246@s.whatsapp.net": {
      "name": "nanda",
      "limit": 10,
      "point": 0,
      "premium": false,
      "banned": false,
      "lastchat": 1694604543338
    },
    "6281322332240@s.whatsapp.net": {
      "name": "F.",
      "limit": 10,
      "point": 0,
      "premium": false,
      "banned": false,
      "lastchat": 1694604592819
    },
    "6285157729639@s.whatsapp.net": {
      "name": "Arise",
      "limit": 10,
      "point": 0,
      "premium": false,
      "banned": false,
      "lastchat": 1694604593233
    },
    "6283869838460@s.whatsapp.net": {
      "name": "Mck | I'm Is Tommy",
      "limit": 10,
      "point": 0,
      "premium": false,
      "banned": false,
      "lastchat": 1694604728286
    },
    "6282181553740@s.whatsapp.net": {
      "name": "Imba Offc",
      "limit": 10,
      "point": 0,
      "premium": false,
      "banned": false,
      "lastchat": 1694604882717
    },
    "6287850646235@s.whatsapp.net": {
      "name": "RidhoBotz || Official",
      "limit": 10,
      "point": 0,
      "premium": false,
      "banned": false,
      "lastchat": 1694604883557
    },
    "6285232687772@s.whatsapp.net": {
      "name": "Pp",
      "limit": 10,
      "point": 0,
      "premium": false,
      "banned": false,
      "lastchat": 1694605053391
    },
    "6282192313396@s.whatsapp.net": {
      "name": "Muh Khaerul Azzam",
      "limit": 10,
      "point": 0,
      "premium": false,
      "banned": false,
      "lastchat": 1694605259498
    },
    "6285876054652@s.whatsapp.net": {
      "name": ".",
      "limit": 10,
      "point": 0,
      "premium": false,
      "banned": false,
      "lastchat": 1694605270376
    },
    "6281357261607@s.whatsapp.net": {
      "name": "Putra",
      "limit": 10,
      "point": 0,
      "premium": false,
      "banned": false,
      "lastchat": 1694605290530
    },
    "6281547186503@s.whatsapp.net": {
      "name": "ARKHA MONCHA ( BOT )",
      "limit": 10,
      "point": 0,
      "premium": false,
      "banned": false,
      "lastchat": 1694605301101
    },
    "6282335648725@s.whatsapp.net": {
      "name": "Ragnax",
      "limit": 10,
      "point": 0,
      "premium": false,
      "banned": false,
      "lastchat": 1694605408582
    },
    "6282210579950@s.whatsapp.net": {
      "name": "Fa4you sestod",
      "limit": 10,
      "point": 0,
      "premium": false,
      "banned": false,
      "lastchat": 1694605541156
    },
    "6283833316230@s.whatsapp.net": {
      "name": "Xin tzy botz",
      "limit": 10,
      "point": 0,
      "premium": false,
      "banned": false,
      "lastchat": 1694605542425
    },
    "62882005358470@s.whatsapp.net": {
      "name": "NAND-BOTZ",
      "limit": 10,
      "point": 0,
      "premium": false,
      "banned": false,
      "lastchat": 1694605547720
    },
    "628988808885@s.whatsapp.net": {
      "name": "irfan;",
      "limit": 10,
      "point": 0,
      "premium": false,
      "banned": false,
      "lastchat": 1694605798900
    },
    "6285691814366@s.whatsapp.net": {
      "name": "Nans Store",
      "limit": 10,
      "point": 0,
      "premium": false,
      "banned": false,
      "lastchat": 1694606035802
    },
    "6285784581395@s.whatsapp.net": {
      "name": "DanzzTR",
      "limit": 10,
      "point": 0,
      "premium": false,
      "banned": false,
      "lastchat": 1694606429998
    },
    "6285974848621@s.whatsapp.net": {
      "name": "Jall",
      "limit": 10,
      "point": 0,
      "premium": false,
      "banned": false,
      "lastchat": 1694606518547
    },
    "6282298627146@s.whatsapp.net": {
      "name": "~ Izansdev",
      "limit": 10,
      "point": 0,
      "premium": false,
      "banned": false,
      "lastchat": 1694606531313
    },
    "62895340684706@s.whatsapp.net": {
      "name": "arul",
      "limit": 10,
      "point": 0,
      "premium": false,
      "banned": false,
      "lastchat": 1694606639808
    }
  },
  "groups": {
    "120363043561420064@g.us": {
      "name": "Tempat Rakit Bot WhatsApp | 😏",
      "active": false,
      "welcome": false,
      "antilink": false,
      "antivo": false,
      "autostick": false,
      "lastchat": 1694603340020
    },
    "6281903153426-1626053991@g.us": {
      "name": "K I R 4 0 4",
      "active": false,
      "welcome": false,
      "antilink": false,
      "antivo": false,
      "autostick": false,
      "lastchat": 1694603438497
    },
    "120363145307436783@g.us": {
      "name": "Ahlam Team ®: Murid Bot WhatsApp (Premium)",
      "active": false,
      "welcome": false,
      "antilink": false,
      "antivo": false,
      "autostick": false,
      "lastchat": 1694603915560
    }
  }
}