[
  {
    "male": "https://i.ibb.co/HGZqdzb/9b8278060e2d.jpg",
    "female": "https://i.ibb.co/V3kX3Cv/bf29432e6e21.jpg"
  },
  {
    "male": "https://i.ibb.co/NFPKcPj/6d61f9c4cede.jpg",
    "female": "https://i.ibb.co/FwRqPDn/206818911fdd.jpg"
  },
  {
    "male": "https://i.ibb.co/yQzxptw/7faabc24c6ff.jpg",
    "female": "https://i.ibb.co/2Yk4P2B/47fd82f61fd1.jpg"
  },
  {
    "male": "https://i.ibb.co/cNhsYRV/7bff8e448134.jpg",
    "female": "https://i.ibb.co/j37Sc7X/a9600c228a8b.jpg"
  },
  {
    "male": "https://i.ibb.co/DbMk8nL/957395cbf134.jpg",
    "female": "https://i.ibb.co/LQ4WJMR/f13a01cc7301.jpg"
  },
  {
    "male": "https://i.ibb.co/ypvdYHW/7905e485ff20.jpg",
    "female": "https://i.ibb.co/4Z5rJrn/465bf6b56d86.jpg"
  },
  {
    "male": "https://i.ibb.co/3pKd9jZ/527105aba87a.jpg",
    "female": "https://i.ibb.co/M9B742X/f608cecc4265.jpg"
  },
  {
    "male": "https://i.ibb.co/Jn3tkg8/a1aab3d67644.jpg",
    "female": "https://i.ibb.co/CWx3NYc/8ad244372d8f.jpg"
  },
  {
    "male": "https://i.ibb.co/CbdscQp/5918b5b3b674.jpg",
    "female": "https://i.ibb.co/ZWjNrZt/8257e3c9ffc0.jpg"
  },
  {
    "male": "https://i.ibb.co/8069RmW/cfe9ed16a5b4.jpg",
    "female": "https://i.ibb.co/gPFp1DG/0e16334be10c.jpg"
  },
  {
    "male": "https://i.ibb.co/P1SsfbG/a12d71cd6b9a.jpg",
    "female": "https://i.ibb.co/p4Xp2Xh/d7f6c5420b7a.jpg"
  },
  {
    "male": "https://i.ibb.co/P17CTF9/924deeb25a3d.jpg",
    "female": "https://i.ibb.co/r55xYdy/8ee97786e6f8.jpg"
  },
  {
    "male": "https://i.ibb.co/WykFqbW/57f78370f1e2.jpg",
    "female": "https://i.ibb.co/FWSCd2C/81e637d4a839.jpg"
  },
  {
    "male": "https://i.ibb.co/rf6pKtp/53a463d8ebe9.jpg",
    "female": "https://i.ibb.co/Z2bDP7m/48990865816b.jpg"
  },
  {
    "male": "https://i.ibb.co/RYB9JWG/4428e27ef288.jpg",
    "female": "https://i.ibb.co/LCnJfT7/5732f5315f2f.jpg"
  },
  {
    "male": "https://i.ibb.co/3CLJfw3/151663d07c51.jpg",
    "female": "https://i.ibb.co/zXsJQ8R/96d088d2e0a0.jpg"
  },
  {
    "male": "https://i.ibb.co/rxBN0S5/bd3b07b67ad6.jpg",
    "female": "https://i.ibb.co/6BYPMjC/4b36a8dfca20.jpg"
  },
  {
    "male": "https://i.ibb.co/NW2dv07/58348a3d4008.jpg",
    "female": "https://i.ibb.co/sHkDdGd/87db7aaff335.jpg"
  },
  {
    "male": "https://i.ibb.co/b3sMMnW/a13cdff40c6e.jpg",
    "female": "https://i.ibb.co/LgPn4vL/257ab65eb79d.jpg"
  },
  {
    "male": "https://i.ibb.co/JzMhQ2P/45754b045a6d.jpg",
    "female": "https://i.ibb.co/nmftFnS/a1f2218f7c32.jpg"
  },
  {
    "male": "https://i.ibb.co/R72GdTZ/30ebace5e0c1.jpg",
    "female": "https://i.ibb.co/7Rnb3Y0/d1459d6b3f59.jpg"
  },
  {
    "male": "https://i.ibb.co/SmMvhb5/da465242e083.jpg",
    "female": "https://i.ibb.co/4gK0fVL/da35fc940b11.jpg"
  },
  {
    "male": "https://i.ibb.co/Tbj6tzF/e93d133529d5.jpg",
    "female": "https://i.ibb.co/wwpFfqH/98bc4eb86562.jpg"
  },
  {
    "male": "https://i.ibb.co/CJpdHyJ/348e5a66c088.jpg",
    "female": "https://i.ibb.co/9wd2mTM/fd4b6af0ccac.jpg"
  },
  {
    "male": "https://i.ibb.co/Xkp1wx5/3a15abeb6394.jpg",
    "female": "https://i.ibb.co/8mzjZrt/3b2d60d15de4.jpg"
  },
  {
    "male": "https://i.ibb.co/mSMmmGx/300e252914f3.jpg",
    "female": "https://i.ibb.co/LvTRt2w/c8f8d0b98c70.jpg"
  },
  {
    "male": "https://i.ibb.co/LpctfNL/e1a158f621ba.jpg",
    "female": "https://i.ibb.co/YXpvh3j/2a91663a9f0a.jpg"
  },
  {
    "male": "https://i.ibb.co/xgTsmW8/7ca77ee661d6.jpg",
    "female": "https://i.ibb.co/DMPWv4S/e3af8d2a6673.jpg"
  },
  { 
    "male": "https://telegra.ph/file/c78595ee61186fab35568.jpg",
    "female": "https://telegra.ph/file/e2817d22dbffc1bbfd0b4.jpg"
  },
  {
    "male": "https://telegra.ph/file/f66a2aa1d2a47b7d03643.jpg",
    "female": "https://telegra.ph/file/5f8ad151fdb134c75222a.jpg"
  },
  {
     "male": "https://i.ibb.co/DgdBT0r/d1cfc573c584.jpg",
     "female": "https://i.ibb.co/kGHZsfH/71916990ed01.jpg"
  }
]