[
  {
    "index": 0,
    "img": "https://www.cademedia.com/wp-content/uploads/2020/12/tebak-gambar-level-1-nomor-1.jpg",
    "jawaban": "TANTANGAN SERU",
    "deskripsi": "Gambar tang (huruf G dicoret), tangan dan tanda seru (pentung)."
  },
  {
    "index": 1,
    "img": "https://www.cademedia.com/wp-content/uploads/2020/12/tebak-gambar-level-1-nomor-2.jpg",
    "jawaban": "TENAGA LISTRIK",
    "deskripsi": "Gambar huruf TE, ular naga dan tegangan listrik (petir)."
  },
  {
    "index": 2,
    "img": "https://www.cademedia.com/wp-content/uploads/2020/12/tebak-gambar-level-1-nomor-3.jpg",
    "jawaban": "SARUNG BANTAL",
    "deskripsi": "Gambar sarung dan bantal."
  },
  {
    "index": 3,
    "img": "https://www.cademedia.com/wp-content/uploads/2020/12/tebak-gambar-level-1-nomor-4.jpg",
    "jawaban": "ALAS KAKI",
    "deskripsi": "Gambar huruf A, orang mengelas dan kaki."
  },
  {
    "index": 4,
    "img": "https://www.cademedia.com/wp-content/uploads/2020/12/tebak-gambar-level-1-nomor-5.jpg",
    "jawaban": "POTONGAN HARGA",
    "deskripsi": "Gambar pot bunga, tong, huruf AN, dan harga diskon (bandrol 5$)."
  },
  {
    "index": 5,
    "img": "https://www.cademedia.com/wp-content/uploads/2020/12/tebak-gambar-level-1-nomor-6.jpg",
    "jawaban": "TUANG AIR",
    "deskripsi": "Gambar orang tua membawa tongkat, huruf NG, dan tetesan air."
  },
  {
    "index": 6,
    "img": "https://www.cademedia.com/wp-content/uploads/2020/12/tebak-gambar-level-1-nomor-7.jpg",
    "jawaban": "JAM TANGAN",
    "deskripsi": "Gambar jam dinding dan tangan."
  },
  {
    "index": 7,
    "img": "https://www.cademedia.com/wp-content/uploads/2020/12/tebak-gambar-level-1-nomor-8.jpg",
    "jawaban": "JAMBU BATU",
    "deskripsi": "Gambar jam dinding, huruf BU, dan bebatuan."
  },
  {
    "index": 8,
    "img": "https://www.cademedia.com/wp-content/uploads/2020/12/tebak-gambar-level-1-nomor-9.jpg",
    "jawaban": "MATI RASA",
    "deskripsi": "Gambar kuburan/pusara dengan tulisan RIP, dan hewan rusa (huruf U diganti A)."
  },
  {
    "index": 9,
    "img": "https://www.cademedia.com/wp-content/uploads/2020/12/tebak-gambar-level-1-nomor-10.jpg",
    "jawaban": "UDANG REBUS",
    "deskripsi": "Gambar udang, huruf RE, dan kendaraan bus."
  },
  {
    "index": 10,
    "img": "https://www.cademedia.com/wp-content/uploads/2020/12/tebak-gambar-level-1-nomor-11.jpg",
    "jawaban": "TAHI LALAT",
    "deskripsi": "Gambar tahu (huruf U diganti I), dan lalat."
  },
  {
    "index": 11,
    "img": "https://www.cademedia.com/wp-content/uploads/2020/12/tebak-gambar-level-1-nomor-12.jpg",
    "jawaban": "MINTA UANG",
    "deskripsi": "Gambar semangkuk mie, huruf N, tas (huruf S dicoret), dan karung tulisan Rp (rupiah)."
  },
  {
    "index": 12,
    "img": "https://www.cademedia.com/wp-content/uploads/2020/12/tebak-gambar-level-1-nomor-13.jpg",
    "jawaban": "SATU JALAN",
    "deskripsi": "Gambar dua tusuk sate (huruf E diganti U), dan jalan aspal."
  },
  {
    "index": 13,
    "img": "https://www.cademedia.com/wp-content/uploads/2020/12/tebak-gambar-level-1-nomor-14.jpg",
    "jawaban": "OBAT NYAMUK",
    "deskripsi": "Gambar pil obat dan nyamuk."
  },
  {
    "index": 14,
    "img": "https://www.cademedia.com/wp-content/uploads/2020/12/tebak-gambar-level-1-nomor-15.jpg",
    "jawaban": "MARI MAKAN",
    "deskripsi": "Gambar orang lari (huruf L diganti M), dan orang makan nasi."
  },
  {
    "index": 15,
    "img": "https://www.cademedia.com/wp-content/uploads/2020/12/tebak-gambar-level-1-nomor-16.jpg",
    "jawaban": "PISAU TAJAM",
    "deskripsi": "Gambar pisau, raja (huruf R diganti T), dan huruf M."
  },
  {
    "index": 16,
    "img": "https://www.cademedia.com/wp-content/uploads/2020/12/tebak-gambar-level-1-nomor-17.jpg",
    "jawaban": "IGA BAKAR",
    "deskripsi": "Gambar angka 3 (huruf T dicoret), dan akar (ditambah huruf B)."
  },
  {
    "index": 17,
    "img": "https://www.cademedia.com/wp-content/uploads/2020/12/tebak-gambar-level-1-nomor-18.jpg",
    "jawaban": "DAUN BAYAM",
    "deskripsi": "Gambar daun, huruf B, dan ayam."
  },
  {
    "index": 18,
    "img": "https://www.cademedia.com/wp-content/uploads/2020/12/tebak-gambar-level-1-nomor-19.jpg",
    "jawaban": "KAMBING GULING",
    "deskripsi": "Gambar kambing, dan seruling/suling (huruf S diganti G)."
  },
  {
    "index": 19,
    "img": "https://www.cademedia.com/wp-content/uploads/2020/12/tebak-gambar-level-1-nomor-20.jpg",
    "jawaban": "AKU SAYANG AYAH",
    "deskripsi": "Gambar saku (huruf S dicoret), wayang (huruf W diganti S), dan ayam (huruf M diganti H)."
  },
  {
    "index": 20,
    "img": "https://www.cademedia.com/wp-content/uploads/2020/12/tebak-gambar-level-2-nomor-1.jpg",
    "jawaban": "NASIB BURUK",
    "deskripsi": "Gambar nasi, huruf B, burung (huruf NG dicoret), dan huruf K."
  },
  {
    "index": 21,
    "img": "https://www.cademedia.com/wp-content/uploads/2020/12/tebak-gambar-level-2-nomor-2.jpg",
    "jawaban": "RACUN TIKUS",
    "deskripsi": "Gambar botol beracun (tengkorak) dan tikus."
  },
  {
    "index": 22,
    "img": "https://www.cademedia.com/wp-content/uploads/2020/12/tebak-gambar-level-2-nomor-3.jpg",
    "jawaban": "LEBIH BAIK",
    "deskripsi": "Gambar lebah madu (huruf A diganti I) dan kain batik (huruf T dicoret)."
  },
  {
    "index": 23,
    "img": "https://www.cademedia.com/wp-content/uploads/2020/12/tebak-gambar-level-2-nomor-4.jpg",
    "jawaban": "BUKU CERITA",
    "deskripsi": "Gambar buku, buah cherry, dan huruf TA."
  },
  {
    "index": 24,
    "img": "https://www.cademedia.com/wp-content/uploads/2020/12/tebak-gambar-level-2-nomor-5.jpg",
    "jawaban": "TANGAN KESEMUTAN",
    "deskripsi": "Gambar tangan, huruf KE, semut, dan huruf AN."
  },
  {
    "index": 25,
    "img": "https://www.cademedia.com/wp-content/uploads/2020/12/tebak-gambar-level-2-nomor-6.jpg",
    "jawaban": "POLISI TIDUR",
    "deskripsi": "Gambar petugas (polisi) tidur dengan tulisan zzz…"
  },
  {
    "index": 26,
    "img": "https://www.cademedia.com/wp-content/uploads/2020/12/tebak-gambar-level-2-nomor-7.jpg",
    "jawaban": "HIDUP SENANG",
    "deskripsi": "Gambar hidung (huruf NG dicoret), huruf P, dan orang berenang (huruf R diganti S)."
  },
  {
    "index": 27,
    "img": "https://www.cademedia.com/wp-content/uploads/2020/12/tebak-gambar-level-2-nomor-8.jpg",
    "jawaban": "SENAM OTAK",
    "deskripsi": "Gambar huruf S, angka 6, dan otak."
  },
  {
    "index": 28,
    "img": "https://www.cademedia.com/wp-content/uploads/2020/12/tebak-gambar-level-2-nomor-9.jpg",
    "jawaban": "TEMPAT MAKAN",
    "deskripsi": "Gambar huruf T, angka 4, dan orang makan."
  },
  {
    "index": 29,
    "img": "https://www.cademedia.com/wp-content/uploads/2020/12/tebak-gambar-level-2-nomor-10.jpg",
    "jawaban": "KUCING BELANG",
    "deskripsi": "Gambar kucing, bel ditekan, dan uang (huruf U dicoret)."
  },
  {
    "index": 30,
    "img": "https://www.cademedia.com/wp-content/uploads/2020/12/tebak-gambar-level-2-nomor-11.jpg",
    "jawaban": "UNTAIAN BUNGA",
    "deskripsi": "Gambar unta, ikan (huruf K dicoret), dan bunga."
  },
  {
    "index": 31,
    "img": "https://www.cademedia.com/wp-content/uploads/2020/12/tebak-gambar-level-2-nomor-12.jpg",
    "jawaban": "RUMAH TANGGA",
    "deskripsi": "Gambar rumah dan tangga."
  },
  {
    "index": 32,
    "img": "https://www.cademedia.com/wp-content/uploads/2020/12/tebak-gambar-level-2-nomor-13.jpg",
    "jawaban": "MINUM JAMU",
    "deskripsi": "Gambar orang minum, jam dinding dan huruf U."
  },
  {
    "index": 33,
    "img": "https://www.cademedia.com/wp-content/uploads/2020/12/tebak-gambar-level-2-nomor-14.jpg",
    "jawaban": "PETENIS HANDAL",
    "deskripsi": "Gambar pete (ditambah huruf NIS), dan sandal (huruf S diganti H)."
  },
  {
    "index": 34,
    "img": "https://www.cademedia.com/wp-content/uploads/2020/12/tebak-gambar-level-2-nomor-15.jpg",
    "jawaban": "HARGA PAS",
    "deskripsi": "Gambar bandrol harga, huruf P dan kartu remi AS."
  },
  {
    "index": 35,
    "img": "https://www.cademedia.com/wp-content/uploads/2020/12/tebak-gambar-level-2-nomor-16.jpg",
    "jawaban": "PULANG SEKOLAH",
    "deskripsi": "Gambar tulang (huruf T diganti P) dan anak sekolah."
  },
  {
    "index": 36,
    "img": "https://www.cademedia.com/wp-content/uploads/2020/12/tebak-gambar-level-2-nomor-17.jpg",
    "jawaban": "PINJAM KEMEJA",
    "deskripsi": "Gambar huruf PIN, jam dinding, huruf KE, dan meja."
  },
  {
    "index": 37,
    "img": "https://www.cademedia.com/wp-content/uploads/2020/12/tebak-gambar-level-2-nomor-18.jpg",
    "jawaban": "JANGKA KAKI",
    "deskripsi": "Gambar jangkar (huruf R dicoret), dan kaki."
  },
  {
    "index": 38,
    "img": "https://www.cademedia.com/wp-content/uploads/2020/12/tebak-gambar-level-2-nomor-19.jpg",
    "jawaban": "RUMPUT KERING",
    "deskripsi": "Gambar rumput, huruf KE, dan ring tinju."
  },
  {
    "index": 39,
    "img": "https://www.cademedia.com/wp-content/uploads/2020/12/tebak-gambar-level-2-nomor-20.jpg",
    "jawaban": "POHON RAMBUTAN ROBOH",
    "deskripsi": "Gambar pohonGambar huruf RAM, orang buta, dan huruf NGambar robot (huruf T diganti H)"
  },
  {
    "index": 40,
    "img": "https://www.cademedia.com/wp-content/uploads/2020/12/tebak-gambar-level-3-nomor-1.jpg",
    "jawaban": "RADIASI MATAHARI",
    "deskripsi": "Gambar radio (huruf O dicoret), dasi (huruf D dicoret), dan matahari."
  },
  {
    "index": 41,
    "img": "https://www.cademedia.com/wp-content/uploads/2020/12/tebak-gambar-level-3-nomor-2.jpg",
    "jawaban": "BUAH TANGAN",
    "deskripsi": "Gambar buah-buahan dan tangan."
  },
  {
    "index": 42,
    "img": "https://www.cademedia.com/wp-content/uploads/2020/12/tebak-gambar-level-3-nomor-3.jpg",
    "jawaban": "BATU AKIK",
    "deskripsi": "Gambar ratu (huruf R diganti B), huruf A, dan kok/bola bulutangkis (huruf O diganti I)."
  },
  {
    "index": 43,
    "img": "https://www.cademedia.com/wp-content/uploads/2020/12/tebak-gambar-level-3-nomor-4.jpg",
    "jawaban": "UANG HABIS",
    "deskripsi": "Gambar uang, huruf HA, dan kendaraan bus/bis."
  },
  {
    "index": 44,
    "img": "https://www.cademedia.com/wp-content/uploads/2020/12/tebak-gambar-level-3-nomor-5.jpg",
    "jawaban": "MENANGKAP ULAR",
    "deskripsi": "Gambar orang menang (juara), huruf KAP, dan ular."
  },
  {
    "index": 45,
    "img": "https://www.cademedia.com/wp-content/uploads/2020/12/tebak-gambar-level-3-nomor-6.jpg",
    "jawaban": "PANJANG UMUR",
    "deskripsi": "Gambar ranjang/kasur (huruf R diganti P) dan sumur (huruf S dicoret)."
  },
  {
    "index": 46,
    "img": "https://www.cademedia.com/wp-content/uploads/2020/12/tebak-gambar-level-3-nomor-7.jpg",
    "jawaban": "JALAN BECEK",
    "deskripsi": "Gambar jalan dan kendaraan becak (huruf A diganti E)."
  },
  {
    "index": 47,
    "img": "https://www.cademedia.com/wp-content/uploads/2020/12/tebak-gambar-level-3-nomor-8.jpg",
    "jawaban": "DARAH MUDA",
    "deskripsi": "Gambar darah dan kuda (huruf K diganti M)."
  },
  {
    "index": 48,
    "img": "https://www.cademedia.com/wp-content/uploads/2020/12/tebak-gambar-level-3-nomor-9.jpg",
    "jawaban": "RAJIN BELAJAR",
    "deskripsi": "Gambar huruf RA, jin dan orang belajar."
  },
  {
    "index": 49,
    "img": "https://www.cademedia.com/wp-content/uploads/2020/12/tebak-gambar-level-3-nomor-10.jpg",
    "jawaban": "PANCING IKAN",
    "deskripsi": "Gambar panci, huruf NG, dan ikan."
  },
  {
    "index": 50,
    "img": "https://www.cademedia.com/wp-content/uploads/2020/12/tebak-gambar-level-3-nomor-11.jpg",
    "jawaban": "DAUR ULANG",
    "deskripsi": "Gambar daun (huruf N diganti R) dan tulang (huruf T dicoret)."
  },
  {
    "index": 51,
    "img": "https://www.cademedia.com/wp-content/uploads/2020/12/tebak-gambar-level-3-nomor-12.jpg",
    "jawaban": "PELAMPUNG RENANG",
    "deskripsi": "Gambar alat pel, lampu, huruf NG, dan orang berenang."
  },
  {
    "index": 52,
    "img": "https://www.cademedia.com/wp-content/uploads/2020/12/tebak-gambar-level-3-nomor-13.jpg",
    "jawaban": "CALON PENARI",
    "deskripsi": "Gambar galon (huruf G diganti C), pena, dan huruf RI."
  },
  {
    "index": 53,
    "img": "https://www.cademedia.com/wp-content/uploads/2020/12/tebak-gambar-level-3-nomor-14.jpg",
    "jawaban": "PATAH HATI",
    "deskripsi": "Gambar kayu dipatahkan dan hati."
  },
  {
    "index": 54,
    "img": "https://www.cademedia.com/wp-content/uploads/2020/12/tebak-gambar-level-3-nomor-15.jpg",
    "jawaban": "FERMENTASI SUSU",
    "deskripsi": "Gambar permen (huruf P diganti F), tas, huruf I, dan susu."
  },
  {
    "index": 55,
    "img": "https://www.cademedia.com/wp-content/uploads/2020/12/tebak-gambar-level-3-nomor-16.jpg",
    "jawaban": "PENDUDUK ASLI",
    "deskripsi": "Gambar huruf PEN, orang duduk, kartu AS remi, dan huruf LI."
  },
  {
    "index": 56,
    "img": "https://www.cademedia.com/wp-content/uploads/2020/12/tebak-gambar-level-3-nomor-17.jpg",
    "jawaban": "KAPAL KERUK",
    "deskripsi": "Gambar kapal dan buah jeruk (huruf J diganti K)."
  },
  {
    "index": 57,
    "img": "https://www.cademedia.com/wp-content/uploads/2020/12/tebak-gambar-level-3-nomor-18.jpg",
    "jawaban": "SAKIT PERUT",
    "deskripsi": "Gambar orang sakit, pegas (per), dan huruf UT."
  },
  {
    "index": 58,
    "img": "https://www.cademedia.com/wp-content/uploads/2020/12/tebak-gambar-level-3-nomor-19.jpg",
    "jawaban": "KOMPUTER LELET",
    "deskripsi": "Gambar komputer, lele, dan huruf T."
  },
  {
    "index": 59,
    "img": "https://www.cademedia.com/wp-content/uploads/2020/12/tebak-gambar-level-3-nomor-20.jpg",
    "jawaban": "SEBELAS KORBAN KEBAKARAN",
    "deskripsi": "Gambar huruf SE, dan gelas (huruf G diganti B)Gambar ekor (huruf E dicoret), dan ban/rodaGambar kera (huruf R diganti B), dan koran (huruf O diganti A)."
  },
  {
    "index": 60,
    "img": "https://www.cademedia.com/wp-content/uploads/2020/12/tebak-gambar-level-4-nomor-1.jpg",
    "jawaban": "PEMIMPIN BANGSA",
    "deskripsi": "Gambar huruf PE, orang tidur, huruf N, huruf B, dan angsa/unggas/itik."
  },
  {
    "index": 61,
    "img": "https://www.cademedia.com/wp-content/uploads/2020/12/tebak-gambar-level-4-nomor-2.jpg",
    "jawaban": "KERAMIK LANTAI",
    "deskripsi": "Gambar kera/monyet, mix/microphone, dan rantai (huruf R diganti L)."
  },
  {
    "index": 62,
    "img": "https://www.cademedia.com/wp-content/uploads/2020/12/tebak-gambar-level-4-nomor-3.jpg",
    "jawaban": "ANGKAT KAKI",
    "deskripsi": "Gambar angka 1 s/d 9, huruf T, dan kaki."
  },
  {
    "index": 63,
    "img": "https://www.cademedia.com/wp-content/uploads/2020/12/tebak-gambar-level-4-nomor-4.jpg",
    "jawaban": "TANDUK SAPI",
    "deskripsi": "Gambar tandu, huruf K, dan sapi."
  },
  {
    "index": 64,
    "img": "https://www.cademedia.com/wp-content/uploads/2020/12/tebak-gambar-level-4-nomor-5.jpg",
    "jawaban": "KUNCIR KUDA",
    "deskripsi": "Gambar kunci, huruf R, dan kuda."
  },
  {
    "index": 65,
    "img": "https://www.cademedia.com/wp-content/uploads/2020/12/tebak-gambar-level-4-nomor-6.jpg",
    "jawaban": "SURAT PERIJINAN",
    "deskripsi": "Gambar amplop surat, peri/malaikat, jin dan huruf AN."
  },
  {
    "index": 66,
    "img": "https://www.cademedia.com/wp-content/uploads/2020/12/tebak-gambar-level-4-nomor-7.jpg",
    "jawaban": "GAGAL JANTUNG",
    "deskripsi": "Gambar burung gagak (huruf K diganti L) dan jantung."
  },
  {
    "index": 67,
    "img": "https://www.cademedia.com/wp-content/uploads/2020/12/tebak-gambar-level-4-nomor-8.jpg",
    "jawaban": "MENITI WAKTU",
    "deskripsi": "Gambar peniti (huruf P diganti M) dan jam."
  },
  {
    "index": 68,
    "img": "https://www.cademedia.com/wp-content/uploads/2020/12/tebak-gambar-level-4-nomor-9.jpg",
    "jawaban": "HITUNG PERSENTASE",
    "deskripsi": "Gambar hidung (huruf D diganti T), per/pegas, huruf SEN, tas, dan huruf E."
  },
  {
    "index": 69,
    "img": "https://www.cademedia.com/wp-content/uploads/2020/12/tebak-gambar-level-4-nomor-10.jpg",
    "jawaban": "PASUKAN KHUSUS",
    "deskripsi": "Gambar paku (huruf K diganti S), ikan (huruf I dicoret), huruf KH, dan usus."
  },
  {
    "index": 70,
    "img": "https://www.cademedia.com/wp-content/uploads/2020/12/tebak-gambar-level-4-nomor-11.jpg",
    "jawaban": "PULAU BATAM",
    "deskripsi": "Gambar pulau ditengah laut, batu bata merah, dan huruf M."
  },
  {
    "index": 71,
    "img": "https://www.cademedia.com/wp-content/uploads/2020/12/tebak-gambar-level-4-nomor-12.jpg",
    "jawaban": "GELANG PERAK",
    "deskripsi": "Gambar tangan memakai gelang, per/pegas dan rak."
  },
  {
    "index": 72,
    "img": "https://www.cademedia.com/wp-content/uploads/2020/12/tebak-gambar-level-4-nomor-13.jpg",
    "jawaban": "JAMU KUAT",
    "deskripsi": "Gambar jamur (huruf R dicoret), dan orang berotot."
  },
  {
    "index": 73,
    "img": "https://www.cademedia.com/wp-content/uploads/2020/12/tebak-gambar-level-4-nomor-14.jpg",
    "jawaban": "MATADOR BANTENG",
    "deskripsi": "Gambar mata, huruf DOR, ban (roda) dan tank."
  },
  {
    "index": 74,
    "img": "https://www.cademedia.com/wp-content/uploads/2020/12/tebak-gambar-level-4-nomor-15.jpg",
    "jawaban": "KURANG PEDAS",
    "deskripsi": "Gambar kura-kura, huruf NG, pedang (huruf NG dicoret), dan huruf S."
  },
  {
    "index": 75,
    "img": "https://www.cademedia.com/wp-content/uploads/2020/12/tebak-gambar-level-4-nomor-16.jpg",
    "jawaban": "DATANG PETAKA",
    "deskripsi": "Gambar huruf DA, tang, peta, dan huruf KA."
  },
  {
    "index": 76,
    "img": "https://www.cademedia.com/wp-content/uploads/2020/12/tebak-gambar-level-4-nomor-17.jpg",
    "jawaban": "BAU BADAN",
    "deskripsi": "Gambar paku (huruf T dicoret), dan badak (huruf K diganti N)."
  },
  {
    "index": 77,
    "img": "https://www.cademedia.com/wp-content/uploads/2020/12/tebak-gambar-level-4-nomor-18.jpg",
    "jawaban": "KOPI SUSU",
    "deskripsi": "Gambar topi (huruf T diganti K) dan susu."
  },
  {
    "index": 78,
    "img": "https://www.cademedia.com/wp-content/uploads/2020/12/tebak-gambar-level-4-nomor-19.jpg",
    "jawaban": "TANDA JASA",
    "deskripsi": "Gambar tenda (huruf E diganti A) dan baju/jas (dengan huruf A)."
  },
  {
    "index": 79,
    "img": "https://www.cademedia.com/wp-content/uploads/2020/12/tebak-gambar-level-4-nomor-20.jpg",
    "jawaban": "KITA HARUS HORMATI BUNDA",
    "deskripsi": "Gambar pita (huruf P diganti K).Gambar paru-paru (huruf P diganti H) dan huruf S.Gambar orang hormat, huruf I, dan bunga (huruf G diganti D)."
  },
  {
    "index": 80,
    "img": "https://www.cademedia.com/wp-content/uploads/2020/12/tebak-gambar-level-5-nomor-1.jpg",
    "jawaban": "TANAH AIR",
    "deskripsi": "Gambar panah (huruf P diganti T) dan tetesan air."
  },
  {
    "index": 81,
    "img": "https://www.cademedia.com/wp-content/uploads/2020/12/tebak-gambar-level-5-nomor-2.jpg",
    "jawaban": "DEMAM TINGGI",
    "deskripsi": "Gambar orang sakit demam, tang (huruf A diganti I), dan huruf GI."
  },
  {
    "index": 82,
    "img": "https://www.cademedia.com/wp-content/uploads/2020/12/tebak-gambar-level-5-nomor-3.jpg",
    "jawaban": "UKURAN SEPATU",
    "deskripsi": "Gambar huruf U, kura-kura, huruf N, dan sepatu."
  },
  {
    "index": 83,
    "img": "https://www.cademedia.com/wp-content/uploads/2020/12/tebak-gambar-level-5-nomor-4.jpg",
    "jawaban": "SATELIT INDONESIA",
    "deskripsi": "Gambar sate, huruf LIT, dan bendera Indonesia."
  },
  {
    "index": 84,
    "img": "https://www.cademedia.com/wp-content/uploads/2020/12/tebak-gambar-level-5-nomor-5.jpg",
    "jawaban": "ANGKATAN PERANG",
    "deskripsi": "Gambar orang mengangkat benda, huruf AN, dan pedang (huruf D diganti R)."
  },
  {
    "index": 85,
    "img": "https://www.cademedia.com/wp-content/uploads/2020/12/tebak-gambar-level-5-nomor-6.jpg",
    "jawaban": "KARTU NAMA",
    "deskripsi": "Gambar kartu remi dan naga (huruf G diganti M)."
  },
  {
    "index": 86,
    "img": "https://www.cademedia.com/wp-content/uploads/2020/12/tebak-gambar-level-5-nomor-7.jpg",
    "jawaban": "TAHAN AMARAH",
    "deskripsi": "Gambar daging paha (huruf P diganti T), huruf N, dan orang marah (ditambah huruf A)."
  },
  {
    "index": 87,
    "img": "https://www.cademedia.com/wp-content/uploads/2020/12/tebak-gambar-level-5-nomor-8.jpg",
    "jawaban": "DEKORASI RUANG",
    "deskripsi": "Gambar huruf D, ekor, dasi (huruf D dicoret), huruf R, dan uang."
  },
  {
    "index": 88,
    "img": "https://www.cademedia.com/wp-content/uploads/2020/12/tebak-gambar-level-5-nomor-9.jpg",
    "jawaban": "KRITIK TAJAM",
    "deskripsi": "Gambar huruf KR, bebek/itik, huruf TA, dan jam."
  },
  {
    "index": 89,
    "img": "https://www.cademedia.com/wp-content/uploads/2020/12/tebak-gambar-level-5-nomor-10.jpg",
    "jawaban": "TARIF BULANAN",
    "deskripsi": "Gambar orang menari, huruf F, bulan, dan huruf AN."
  },
  {
    "index": 90,
    "img": "https://www.cademedia.com/wp-content/uploads/2020/12/tebak-gambar-level-5-nomor-11.jpg",
    "jawaban": "LABA BISNIS",
    "deskripsi": "Gambar laba-laba, dan bus (dengan huruf NIS)."
  },
  {
    "index": 91,
    "img": "https://www.cademedia.com/wp-content/uploads/2020/12/tebak-gambar-level-5-nomor-12.jpg",
    "jawaban": "KERANGKA RUMAH",
    "deskripsi": "Gambar kerang, huruf KA, dan rumah."
  },
  {
    "index": 92,
    "img": "https://www.cademedia.com/wp-content/uploads/2020/12/tebak-gambar-level-5-nomor-13.jpg",
    "jawaban": "ASAH GOLOK",
    "deskripsi": "Gambar asap pabrik (huruf P diganti H), jala gol, dan huruf OK."
  },
  {
    "index": 93,
    "img": "https://www.cademedia.com/wp-content/uploads/2020/12/tebak-gambar-level-5-nomor-14.jpg",
    "jawaban": "CAKAR KUCING",
    "deskripsi": "Gambar huruf C, akar, dan kucing."
  },
  {
    "index": 94,
    "img": "https://www.cademedia.com/wp-content/uploads/2020/12/tebak-gambar-level-5-nomor-15.jpg",
    "jawaban": "PIRING TERBANG",
    "deskripsi": "Gambar ring bersayap (ditambah huruf PI)."
  },
  {
    "index": 95,
    "img": "https://www.cademedia.com/wp-content/uploads/2020/12/tebak-gambar-level-5-nomor-16.jpg",
    "jawaban": "BERUANG KUTUB",
    "deskripsi": "Gambar beruang, kutu, dan huruf B."
  },
  {
    "index": 96,
    "img": "https://www.cademedia.com/wp-content/uploads/2020/12/tebak-gambar-level-5-nomor-17.jpg",
    "jawaban": "CALON MERTUA",
    "deskripsi": "Gambar balon (huruf B diganti C), huruf MER, dan orang tua."
  },
  {
    "index": 97,
    "img": "https://www.cademedia.com/wp-content/uploads/2020/12/tebak-gambar-level-5-nomor-18.jpg",
    "jawaban": "PINTU TOBAT",
    "deskripsi": "Gambar pintu, huruf T, dan obat."
  },
  {
    "index": 98,
    "img": "https://www.cademedia.com/wp-content/uploads/2020/12/tebak-gambar-level-5-nomor-19.jpg",
    "jawaban": "PENYUMBATAN PIPA",
    "deskripsi": "Gambar penyu/kura-kura (dengan huruf M), bata (dengna huruf N), dan pipa."
  },
  {
    "index": 99,
    "img": "https://www.cademedia.com/wp-content/uploads/2020/12/tebak-gambar-level-5-nomor-20.jpg",
    "jawaban": "KERAJINAN BUATAN WARGA KAMPUNG",
    "deskripsi": "Gambar kera, jin, dan huruf AN.Gambar huruf BU, dan awan (huruf W diganti T).Gambar bandrol harga (huruf H diganti W), lampu (huruf L diganti K), dan huruf NG."
  },
  {
    "index": 100,
    "img": "https://www.cademedia.com/wp-content/uploads/2020/12/tebak-gambar-level-6-nomor-1.jpg",
    "jawaban": "KAWAN SERUMAH",
    "deskripsi": "Gambar huruf K, awan, tanda seru, dan huruf MAH."
  },
  {
    "index": 101,
    "img": "https://www.cademedia.com/wp-content/uploads/2020/12/tebak-gambar-level-6-nomor-2.jpg",
    "jawaban": "DUA ANAK",
    "deskripsi": "Gambar dua jari dan anak."
  },
  {
    "index": 102,
    "img": "https://www.cademedia.com/wp-content/uploads/2020/12/tebak-gambar-level-6-nomor-3.jpg",
    "jawaban": "BUNGA IMITASI",
    "deskripsi": "Gambar bunga, mie (ditambah huruf I), tas, dan huruf I."
  },
  {
    "index": 103,
    "img": "https://www.cademedia.com/wp-content/uploads/2020/12/tebak-gambar-level-6-nomor-4.jpg",
    "jawaban": "BENDERA PARTAI",
    "deskripsi": "Gambar bendera, ikan pari (huruf I dicoret) dan tai (kotoran)."
  },
  {
    "index": 104,
    "img": "https://www.cademedia.com/wp-content/uploads/2020/12/tebak-gambar-level-6-nomor-5.jpg",
    "jawaban": "TIDUR SIANG",
    "deskripsi": "Gambar orang tidur dan tanda silang (huruf L dicoret)."
  },
  {
    "index": 105,
    "img": "https://www.cademedia.com/wp-content/uploads/2020/12/tebak-gambar-level-6-nomor-6.jpg",
    "jawaban": "MERAKIT SEPEDA",
    "deskripsi": "Gambar merak, huruf IT, dan sepeda."
  },
  {
    "index": 106,
    "img": "https://www.cademedia.com/wp-content/uploads/2020/12/tebak-gambar-level-6-nomor-7.jpg",
    "jawaban": "SEKITAR PASAR",
    "deskripsi": "Gambar orang maen ski, penari (huruf I dicoret) dan pagar (huruf G diganti S)."
  },
  {
    "index": 107,
    "img": "https://www.cademedia.com/wp-content/uploads/2020/12/tebak-gambar-level-6-nomor-8.jpg",
    "jawaban": "GIGIT JARI",
    "deskripsi": "Gambar gigi, huruf T, dan jari tangan."
  },
  {
    "index": 108,
    "img": "https://www.cademedia.com/wp-content/uploads/2020/12/tebak-gambar-level-6-nomor-9.jpg",
    "jawaban": "KOLAM SUSU",
    "deskripsi": "Gambar Kembang Kol, huruf AM, dan susu kemasan."
  },
  {
    "index": 109,
    "img": "https://www.cademedia.com/wp-content/uploads/2020/12/tebak-gambar-level-6-nomor-10.jpg",
    "jawaban": "KEPALA SUKU",
    "deskripsi": "Gambar kepala dan buku (huruf B diganti S)."
  },
  {
    "index": 110,
    "img": "https://www.cademedia.com/wp-content/uploads/2020/12/tebak-gambar-level-6-nomor-11.jpg",
    "jawaban": "WAJAH KUSAM",
    "deskripsi": "Gambar wajan (huruf N diganti H), rusa (huruf R diganti K), dan huruf M."
  },
  {
    "index": 111,
    "img": "https://www.cademedia.com/wp-content/uploads/2020/12/tebak-gambar-level-6-nomor-12.jpg",
    "jawaban": "KACANG POLONG",
    "deskripsi": "Gambar kaca (dengan huruf NG) dan hantu pocong (huruf C diganti L)."
  },
  {
    "index": 112,
    "img": "https://www.cademedia.com/wp-content/uploads/2020/12/tebak-gambar-level-6-nomor-13.jpg",
    "jawaban": "NAFAS CINTA",
    "deskripsi": "Gambar vas bunga berlogo hati (dengan huruf NA)."
  },
  {
    "index": 113,
    "img": "https://www.cademedia.com/wp-content/uploads/2020/12/tebak-gambar-level-6-nomor-14.jpg",
    "jawaban": "BANDAR TEKOR",
    "deskripsi": "Gambar ban, huruf DAR, dan teko (dengan huruf R)."
  },
  {
    "index": 114,
    "img": "https://www.cademedia.com/wp-content/uploads/2020/12/tebak-gambar-level-6-nomor-15.jpg",
    "jawaban": "KOREKSI GURU",
    "deskripsi": "Gambar korek (dengan huruf SI), dan guru."
  },
  {
    "index": 115,
    "img": "https://www.cademedia.com/wp-content/uploads/2020/12/tebak-gambar-level-6-nomor-16.jpg",
    "jawaban": "MOBIL MOBILAN",
    "deskripsi": "Gambar dua mobil (dengan huruf AN)."
  },
  {
    "index": 116,
    "img": "https://www.cademedia.com/wp-content/uploads/2020/12/tebak-gambar-level-6-nomor-17.jpg",
    "jawaban": "GULALI MATANG",
    "deskripsi": "Gambar toples gula yang dikerubungi semut (dengan huruf LI), mata, dan huruf NG."
  },
  {
    "index": 117,
    "img": "https://www.cademedia.com/wp-content/uploads/2020/12/tebak-gambar-level-6-nomor-18.jpg",
    "jawaban": "BORONG BAJU",
    "deskripsi": "Gambar bor, tong (huruf T dicoret), dan batu (huruf T diganti J)."
  },
  {
    "index": 118,
    "img": "https://www.cademedia.com/wp-content/uploads/2020/12/tebak-gambar-level-6-nomor-19.jpg",
    "jawaban": "HUTAN GUNDUL",
    "deskripsi": "Gambar hujan (huruf J diganti T) dan orang gundul."
  },
  {
    "index": 119,
    "img": "https://www.cademedia.com/wp-content/uploads/2020/12/tebak-gambar-level-6-nomor-20.jpg",
    "jawaban": "SUPIR MOBIL TINJA SEDANG TIDUR / SUPIR MOBIL TINJA SEDANG KECAPEKAN",
    "deskripsi": "Gambar huruf SU, buah pir, dan mobil.Gambar petinju (huruf U diganti A), dan pedang (huruf P diganti S).Gambar orang tidur. *Gambar kecap dan ikan."
  },
  {
    "index": 120,
    "img": "https://www.cademedia.com/wp-content/uploads/2020/12/tebak-gambar-level-7-nomor-1.jpg",
    "jawaban": "BELUM DEWASA",
    "deskripsi": "Gambar belut (huruf T diganti M) dan malaikat/dewa (ditambah huruf SA)."
  },
  {
    "index": 121,
    "img": "https://www.cademedia.com/wp-content/uploads/2020/12/tebak-gambar-level-7-nomor-2.jpg",
    "jawaban": "KESELAMATAN PRESIDEN",
    "deskripsi": "Gambar huruf KE, orang menyelam, mata, huruf N, dan presiden."
  },
  {
    "index": 122,
    "img": "https://www.cademedia.com/wp-content/uploads/2020/12/tebak-gambar-level-7-nomor-3.jpg",
    "jawaban": "DAUN PANDAN",
    "deskripsi": "Gambar daun, panda, dan huruf N."
  },
  {
    "index": 123,
    "img": "https://www.cademedia.com/wp-content/uploads/2020/12/tebak-gambar-level-7-nomor-4.jpg",
    "jawaban": "BUAH BIBIR",
    "deskripsi": "Gambar buah-buahan yang mempunyai bibir."
  },
  {
    "index": 124,
    "img": "https://www.cademedia.com/wp-content/uploads/2020/12/tebak-gambar-level-7-nomor-5.jpg",
    "jawaban": "MALAM KELABU",
    "deskripsi": "Gambar bulan, huruf KE, dan labu."
  },
  {
    "index": 125,
    "img": "https://www.cademedia.com/wp-content/uploads/2020/12/tebak-gambar-level-7-nomor-6.jpg",
    "jawaban": "DARAH TINGGI",
    "deskripsi": "Gambar darah merah empat, salah satunya lebih tinggi dari yang lain."
  },
  {
    "index": 126,
    "img": "https://www.cademedia.com/wp-content/uploads/2020/12/tebak-gambar-level-7-nomor-7.jpg",
    "jawaban": "LAPANG DADA",
    "deskripsi": "Gambar lapangan sepakbola dan dada."
  },
  {
    "index": 127,
    "img": "https://www.cademedia.com/wp-content/uploads/2020/12/tebak-gambar-level-7-nomor-8.jpg",
    "jawaban": "SEDOT WC",
    "deskripsi": "Gambar dot (ditambah huruf SE), dan huruf WC."
  },
  {
    "index": 128,
    "img": "https://www.cademedia.com/wp-content/uploads/2020/12/tebak-gambar-level-7-nomor-9.jpg",
    "jawaban": "JEMBATAN LAYANG",
    "deskripsi": "Gambar lem (huruf L diganti J), bata merah, huruf N, dan layangan."
  },
  {
    "index": 129,
    "img": "https://www.cademedia.com/wp-content/uploads/2020/12/tebak-gambar-level-7-nomor-10.jpg",
    "jawaban": "BUNGA SAKURA",
    "deskripsi": "Gambar bunga matahari dan saku (dengan huruf RA)."
  },
  {
    "index": 130,
    "img": "https://www.cademedia.com/wp-content/uploads/2020/12/tebak-gambar-level-7-nomor-11.jpg",
    "jawaban": "BALING PESAWAT",
    "deskripsi": "Gambar orang bali, huruf NG, dan pesawat terbang."
  },
  {
    "index": 131,
    "img": "https://www.cademedia.com/wp-content/uploads/2020/12/tebak-gambar-level-7-nomor-12.jpg",
    "jawaban": "ANJING TETANGGA",
    "deskripsi": "Gambar anjing dan tangga (yang membentuk pola TE)."
  },
  {
    "index": 132,
    "img": "https://www.cademedia.com/wp-content/uploads/2020/12/tebak-gambar-level-7-nomor-13.jpg",
    "jawaban": "GUDANG LAMPION",
    "deskripsi": "Gambar huruf G, udang, lampu (huruf U dicoret), dan pion catur."
  },
  {
    "index": 133,
    "img": "https://www.cademedia.com/wp-content/uploads/2020/12/tebak-gambar-level-7-nomor-14.jpg",
    "jawaban": "SAMBAL KECAP",
    "deskripsi": "Gambar sambal dan kecap."
  },
  {
    "index": 134,
    "img": "https://www.cademedia.com/wp-content/uploads/2020/12/tebak-gambar-level-7-nomor-15.jpg",
    "jawaban": "KEONG RACUN",
    "deskripsi": "Gambar keong/siput dan tanda racun."
  },
  {
    "index": 135,
    "img": "https://www.cademedia.com/wp-content/uploads/2020/12/tebak-gambar-level-7-nomor-16.jpg",
    "jawaban": "KUALITAS FILM",
    "deskripsi": "Gambar orang pamer otot (huruf T dicoret), pita (huruf P diganti L), huruf S, dan rol film."
  },
  {
    "index": 136,
    "img": "https://www.cademedia.com/wp-content/uploads/2020/12/tebak-gambar-level-7-nomor-17.jpg",
    "jawaban": "KOPERASI MANDIRI",
    "deskripsi": "Gambar koper, dasi (huruf D dicoret), dan orang mandi (dengan huruf RI)."
  },
  {
    "index": 137,
    "img": "https://www.cademedia.com/wp-content/uploads/2020/12/tebak-gambar-level-7-nomor-18.jpg",
    "jawaban": "GEJALA AWAL",
    "deskripsi": "Gambar huruf GE, jaring/jala dan awan (huruf N diganti L)."
  },
  {
    "index": 138,
    "img": "https://www.cademedia.com/wp-content/uploads/2020/12/tebak-gambar-level-7-nomor-19.jpg",
    "jawaban": "SOLIDARITAS BURUH",
    "deskripsi": "Gambar huruf S, oli, jari tangan (huruf J diganti D), tas, burung (huruf NG dicoret), dan huruf H."
  },
  {
    "index": 139,
    "img": "https://www.cademedia.com/wp-content/uploads/2020/12/tebak-gambar-level-7-nomor-20.jpg",
    "jawaban": "TAK TAHU ARAH JALAN PULANG",
    "deskripsi": "Gambar orang botak (huruf BO dicoret) dan tahu.Gambar darah (huruf D dicoret).Gambar jalan dan tulang (huruf T diganti P)."
  },
  {
    "index": 140,
    "img": "https://www.cademedia.com/wp-content/uploads/2020/12/tebak-gambar-level-8-nomor-1.jpg",
    "jawaban": "MASA REFORMASI",
    "deskripsi": "Gambar mata (huruf T diganti S), huruf R, ekor (huruf K diganti F), emas (huruf E dicoret), dan huruf I."
  },
  {
    "index": 141,
    "img": "https://www.cademedia.com/wp-content/uploads/2020/12/tebak-gambar-level-8-nomor-2.jpg",
    "jawaban": "LINGKARAN SETAN",
    "deskripsi": "Gambar setan dalam lingkaran merah."
  },
  {
    "index": 142,
    "img": "https://www.cademedia.com/wp-content/uploads/2020/12/tebak-gambar-level-8-nomor-3.jpg",
    "jawaban": "BERAT BAJA",
    "deskripsi": "Gambar orang buang air besar/berak (huruf K diganti T) dan raja (huruf R diganti B)."
  },
  {
    "index": 143,
    "img": "https://www.cademedia.com/wp-content/uploads/2020/12/tebak-gambar-level-8-nomor-4.jpg",
    "jawaban": "GULAT JEPANG",
    "deskripsi": "Gambar ulat (ditambah huruf G) dan bendera Jepang."
  },
  {
    "index": 144,
    "img": "https://www.cademedia.com/wp-content/uploads/2020/12/tebak-gambar-level-8-nomor-5.jpg",
    "jawaban": "TENDANG SELANGKANGAN",
    "deskripsi": "Gambar tenda, huruf NG, selang, dan tangan (huruf T diganti K)."
  },
  {
    "index": 145,
    "img": "https://www.cademedia.com/wp-content/uploads/2020/12/tebak-gambar-level-8-nomor-6.jpg",
    "jawaban": "AKAL BULUS",
    "deskripsi": "Gambar otak/pikiran/akal, bulu, dan huruf S."
  },
  {
    "index": 146,
    "img": "https://www.cademedia.com/wp-content/uploads/2020/12/tebak-gambar-level-8-nomor-7.jpg",
    "jawaban": "DISTRIBUSI GAS",
    "deskripsi": "Gambar bus (huruf B diganti D), penari (huruf A dicoret), busi, huruf G, dan kartu AS."
  },
  {
    "index": 147,
    "img": "https://www.cademedia.com/wp-content/uploads/2020/12/tebak-gambar-level-8-nomor-8.jpg",
    "jawaban": "MENANAK NASI",
    "deskripsi": "Gambar huruf MEN, anak, dan nasi."
  },
  {
    "index": 148,
    "img": "https://www.cademedia.com/wp-content/uploads/2020/12/tebak-gambar-level-8-nomor-9.jpg",
    "jawaban": "KERACUNAN FORMALIN",
    "deskripsi": "Gambar kera, orang Cina (huruf I diganti A), huruf N, bor (huruf B diganti F), dan maling (huruf G dicoret)."
  },
  {
    "index": 149,
    "img": "https://www.cademedia.com/wp-content/uploads/2020/12/tebak-gambar-level-8-nomor-10.jpg",
    "jawaban": "SEMESTA RAYA",
    "deskripsi": "Gambar orang melakukan smash (voli), huruf TA, dan raja (huruf J diganti Y)."
  },
  {
    "index": 150,
    "img": "https://www.cademedia.com/wp-content/uploads/2020/12/tebak-gambar-level-8-nomor-11.jpg",
    "jawaban": "REKENING GENDUT",
    "deskripsi": "Gambar huruf RE, kening, dan anak gendut."
  },
  {
    "index": 151,
    "img": "https://www.cademedia.com/wp-content/uploads/2020/12/tebak-gambar-level-8-nomor-12.jpg",
    "jawaban": "PATROLI GABUNGAN",
    "deskripsi": "Gambar huruf PA, troli, huruf GA, dan bunga (dengan huruf N)."
  },
  {
    "index": 152,
    "img": "https://www.cademedia.com/wp-content/uploads/2020/12/tebak-gambar-level-8-nomor-13.jpg",
    "jawaban": "KENCING MANIS",
    "deskripsi": "Gambar orang kencing dan semut."
  },
  {
    "index": 153,
    "img": "https://www.cademedia.com/wp-content/uploads/2020/12/tebak-gambar-level-8-nomor-14.jpg",
    "jawaban": "PANGKUAN IBUNDA",
    "deskripsi": "Gambar wanita memangku anak (ditambah huruf AN), huruf I, dan bunga (huruf G diganti D)."
  },
  {
    "index": 154,
    "img": "https://www.cademedia.com/wp-content/uploads/2020/12/tebak-gambar-level-8-nomor-15.jpg",
    "jawaban": "UPIL JOROK",
    "deskripsi": "Gambar pil yang membentuk huruf U, huruf JO, dan rok."
  },
  {
    "index": 155,
    "img": "https://www.cademedia.com/wp-content/uploads/2020/12/tebak-gambar-level-8-nomor-16.jpg",
    "jawaban": "LIDAH BUAYA",
    "deskripsi": "Gambar lidah dan buaya."
  },
  {
    "index": 156,
    "img": "https://www.cademedia.com/wp-content/uploads/2020/12/tebak-gambar-level-8-nomor-17.jpg",
    "jawaban": "RELAKAN PERGI",
    "deskripsi": "Gambar rel, orang makan (huruf M dicoret), per/pegas, dan huruf GI."
  },
  {
    "index": 157,
    "img": "https://www.cademedia.com/wp-content/uploads/2020/12/tebak-gambar-level-8-nomor-18.jpg",
    "jawaban": "POHON KERAMAT",
    "deskripsi": "Gambar pohon dan orang keramas (huruf S diganti T)."
  },
  {
    "index": 158,
    "img": "https://www.cademedia.com/wp-content/uploads/2020/12/tebak-gambar-level-8-nomor-19.jpg",
    "jawaban": "PASANG PARABOLA",
    "deskripsi": "Gambar pisang (huruf I diganti A), paru-paru (huruf U diganti A), dan bola."
  },
  {
    "index": 159,
    "img": "https://www.cademedia.com/wp-content/uploads/2020/12/tebak-gambar-level-8-nomor-20.jpg",
    "jawaban": "SAUDAGAR KOPI BERUSAHA MERAYU RAJA",
    "deskripsi": "Gambar sapu (huruf P dicoret), pagar (huruf P diganti D), dan secangkir kopi.Gambar tanda seru (huruf S diganti B), dan daging paha (huruf P diganti S).Gambar merak (huruf K dicoret), huruf YU, dan raja."
  },
  {
    "index": 160,
    "img": "https://www.cademedia.com/wp-content/uploads/2020/12/tebak-gambar-level-9-nomor-1.jpg",
    "jawaban": "SEPERTI PELANGI",
    "deskripsi": "Gambar bilangan 1/3 (huruf GA dicoret), selang (huruf S diganti P), dan huruf I."
  },
  {
    "index": 161,
    "img": "https://www.cademedia.com/wp-content/uploads/2020/12/tebak-gambar-level-9-nomor-2.jpg",
    "jawaban": "ANGGARAN TIPIS",
    "deskripsi": "Gambar anggar, huruf AN, topi (huruf O diganti I), dan huruf S."
  },
  {
    "index": 162,
    "img": "https://www.cademedia.com/wp-content/uploads/2020/12/tebak-gambar-level-9-nomor-3.jpg",
    "jawaban": "SELALU SAYANG",
    "deskripsi": "Gambar orang dalam penjara (sel), palu (huruf P dicoret), dan wayang ( huruf W diganti S)."
  },
  {
    "index": 163,
    "img": "https://www.cademedia.com/wp-content/uploads/2020/12/tebak-gambar-level-9-nomor-4.jpg",
    "jawaban": "ROTI KADALUARSA",
    "deskripsi": "Gambar roti, kadal dan ular (huruf L dicoret), dan huruf SA."
  },
  {
    "index": 164,
    "img": "https://www.cademedia.com/wp-content/uploads/2020/12/tebak-gambar-level-9-nomor-5.jpg",
    "jawaban": "TUANG KOPI",
    "deskripsi": "Gambar uang (membentuk huruf T) dan secangkir kopi."
  },
  {
    "index": 165,
    "img": "https://www.cademedia.com/wp-content/uploads/2020/12/tebak-gambar-level-9-nomor-6.jpg",
    "jawaban": "SUP JAGUNG",
    "deskripsi": "Gambar wanita menyuapi (huruf A dicoret), dagu (huruf D diganti J), dan huruf NG."
  },
  {
    "index": 166,
    "img": "https://www.cademedia.com/wp-content/uploads/2020/12/tebak-gambar-level-9-nomor-7.jpg",
    "jawaban": "SEDANG PAMERAN",
    "deskripsi": "Gambar mobil sedan, huruf G, huruf PA, dan merak (huruf K diganti N)."
  },
  {
    "index": 167,
    "img": "https://www.cademedia.com/wp-content/uploads/2020/12/tebak-gambar-level-9-nomor-8.jpg",
    "jawaban": "PEREMPUAN PILIHANKU",
    "deskripsi": "Gambar pegas (per), sepeda motor yang mengerem, dua jari (huruf D diganti P), pil, huruf I, dan hantu (huruf T diganti K)."
  },
  {
    "index": 168,
    "img": "https://www.cademedia.com/wp-content/uploads/2020/12/tebak-gambar-level-9-nomor-9.jpg",
    "jawaban": "BABI NGOROK",
    "deskripsi": "Gambar babi, huruf NGO, dan rok."
  },
  {
    "index": 169,
    "img": "https://www.cademedia.com/wp-content/uploads/2020/12/tebak-gambar-level-9-nomor-10.jpg",
    "jawaban": "KAPTEN KAPAL",
    "deskripsi": "Gambar kapten sepakbola, dan kapal."
  },
  {
    "index": 170,
    "img": "https://www.cademedia.com/wp-content/uploads/2020/12/tebak-gambar-level-9-nomor-11.jpg",
    "jawaban": "INFORMASI CUACA",
    "deskripsi": "Gambar jin (huruf J dicoret), bor (huruf B diganti F), dasi (huruf D diganti M), awan dan hujan."
  },
  {
    "index": 171,
    "img": "https://www.cademedia.com/wp-content/uploads/2020/12/tebak-gambar-level-9-nomor-12.jpg",
    "jawaban": "ISU PENGASINGAN",
    "deskripsi": "Gambar tisu (huruf T dicoret), obeng (huruf OB diganti P), huruf A, dan singa (ditambah huruf N)."
  },
  {
    "index": 172,
    "img": "https://www.cademedia.com/wp-content/uploads/2020/12/tebak-gambar-level-9-nomor-13.jpg",
    "jawaban": "BISIKAN LEMBUT",
    "deskripsi": "Gambar Bus, ikan, dan orang kerja lembur sampai malam (huruf R diganti T)."
  },
  {
    "index": 173,
    "img": "https://www.cademedia.com/wp-content/uploads/2020/12/tebak-gambar-level-9-nomor-14.jpg",
    "jawaban": "KUASA PRESIDEN",
    "deskripsi": "Gambar kuas, huruf A, dan presiden."
  },
  {
    "index": 174,
    "img": "https://www.cademedia.com/wp-content/uploads/2020/12/tebak-gambar-level-9-nomor-15.jpg",
    "jawaban": "NINA BOBO",
    "deskripsi": "Gambar orang Cina (huruf C diganti N) sedang tidur ."
  },
  {
    "index": 175,
    "img": "https://www.cademedia.com/wp-content/uploads/2020/12/tebak-gambar-level-9-nomor-16.jpg",
    "jawaban": "BUKU EKONOMI",
    "deskripsi": "Gambar buku, teko (huruf T dicoret), huruf NO, dan mie."
  },
  {
    "index": 176,
    "img": "https://www.cademedia.com/wp-content/uploads/2020/12/tebak-gambar-level-9-nomor-17.jpg",
    "jawaban": "KEBELET PIPIS",
    "deskripsi": "Gambar huruf KE, belut (huruf U diganti E), pipi, dan huruf S."
  },
  {
    "index": 177,
    "img": "https://www.cademedia.com/wp-content/uploads/2020/12/tebak-gambar-level-9-nomor-18.jpg",
    "jawaban": "PERINTAH ATASAN",
    "deskripsi": "Gambar peri/malaikat (ditambah huruf N), tahu (huruf U dicoret), bata merah (huruf B dicoret), dan tanda & (huruf D diganti S)."
  },
  {
    "index": 178,
    "img": "https://www.cademedia.com/wp-content/uploads/2020/12/tebak-gambar-level-9-nomor-19.jpg",
    "jawaban": "STRUKTUR KRISTAL",
    "deskripsi": "Gambar truk (ditambah huruf S), huruf TUR, keris, dan tali (huruf I dicoret)."
  },
  {
    "index": 179,
    "img": "https://www.cademedia.com/wp-content/uploads/2020/12/tebak-gambar-level-9-nomor-20.jpg",
    "jawaban": "BIBI POTONG SEMANGKA PAKAI PISAU / *SEMANGKA DIPOTONG SEPARUH PAKAI PISAU",
    "deskripsi": "Gambar bibir (huruf R dicoret), pot, dan tong kayu.Gambar semangka, paku (huruf U diganti A), huruf I.Gambar pisau."
  },
  {
    "index": 180,
    "img": "https://www.cademedia.com/wp-content/uploads/2020/12/tebak-gambar-level-10-nomor-1.jpg",
    "jawaban": "PELATIH ANJING",
    "deskripsi": "Gambar plat nomor kendaraan (ditambah huruf IH) dan anjing."
  },
  {
    "index": 181,
    "img": "https://www.cademedia.com/wp-content/uploads/2020/12/tebak-gambar-level-10-nomor-2.jpg",
    "jawaban": "CUKUP BOSAN",
    "deskripsi": "Gambar buku (huruf B diganti C), huruf P, dan bos/direktur (ditambah huruf AN)."
  },
  {
    "index": 182,
    "img": "https://www.cademedia.com/wp-content/uploads/2020/12/tebak-gambar-level-10-nomor-3.jpg",
    "jawaban": "MENDADAK MIMISAN",
    "deskripsi": "Gambar dada (ditambah huruf MEN), huruf K, dua mie, dan ban (huruf B diganti S)."
  },
  {
    "index": 183,
    "img": "https://www.cademedia.com/wp-content/uploads/2020/12/tebak-gambar-level-10-nomor-4.jpg",
    "jawaban": "ANAK PANGLIMA",
    "deskripsi": "Gambar anak kecil, potongan rambut punk, dan angka 5."
  },
  {
    "index": 184,
    "img": "https://www.cademedia.com/wp-content/uploads/2020/12/tebak-gambar-level-10-nomor-5.jpg",
    "jawaban": "HAK CIPTA",
    "deskripsi": "Gambar hak sepatu dan lambang cinta (huruf N diganti P)."
  },
  {
    "index": 185,
    "img": "https://www.cademedia.com/wp-content/uploads/2020/12/tebak-gambar-level-10-nomor-6.jpg",
    "jawaban": "INDUKSI MAGNET",
    "deskripsi": "Gambar induk ayam, huruf SI, dan magnet."
  },
  {
    "index": 186,
    "img": "https://www.cademedia.com/wp-content/uploads/2020/12/tebak-gambar-level-10-nomor-7.jpg",
    "jawaban": "JEJAKA TUA",
    "deskripsi": "Gambar jejak telapak kaki, huruf A, dan orang tua."
  },
  {
    "index": 187,
    "img": "https://www.cademedia.com/wp-content/uploads/2020/12/tebak-gambar-level-10-nomor-8.jpg",
    "jawaban": "PENYUSUTAN ASET",
    "deskripsi": "Gambar penyu/kura, setan (huruf E diganti U), dan kaset (huruf K dicoret)."
  },
  {
    "index": 188,
    "img": "https://www.cademedia.com/wp-content/uploads/2020/12/tebak-gambar-level-10-nomor-9.jpg",
    "jawaban": "TES LABORATORIUM",
    "deskripsi": "Gambar teh (huruf H diganti S), huruf LA, bola (huruf L diganti R), topi (huruf P diganti R) dan huruf UM."
  },
  {
    "index": 189,
    "img": "https://www.cademedia.com/wp-content/uploads/2020/12/tebak-gambar-level-10-nomor-10.jpg",
    "jawaban": "KEJEPIT RESLETING",
    "deskripsi": "Gambar keju (huruf U diganti E), pot (huruf O diganti I), dan resleting."
  },
  {
    "index": 190,
    "img": "https://www.cademedia.com/wp-content/uploads/2020/12/tebak-gambar-level-10-nomor-11.jpg",
    "jawaban": "RELOKASI NARAPIDANA",
    "deskripsi": "Gambar rel, huruf O, dasi (huruf D diganti K), huruf NA, sapi (huruf S diganti R), tanda &, dan huruf A."
  },
  {
    "index": 191,
    "img": "https://www.cademedia.com/wp-content/uploads/2020/12/tebak-gambar-level-10-nomor-12.jpg",
    "jawaban": "ANGKAT TANGAN",
    "deskripsi": "Gambar angka 368, huruf T, dan dua tangan."
  },
  {
    "index": 192,
    "img": "https://www.cademedia.com/wp-content/uploads/2020/12/tebak-gambar-level-10-nomor-13.jpg",
    "jawaban": "JATUH BANGUN",
    "deskripsi": "Gambar orang terjatuh dan orang bangun tidur."
  },
  {
    "index": 193,
    "img": "https://www.cademedia.com/wp-content/uploads/2020/12/tebak-gambar-level-10-nomor-14.jpg",
    "jawaban": "KODE POS",
    "deskripsi": "Gambar konde (huruf N dicoret) dan pot (huruf T diganti S)."
  },
  {
    "index": 194,
    "img": "https://www.cademedia.com/wp-content/uploads/2020/12/tebak-gambar-level-10-nomor-15.jpg",
    "jawaban": "RASA EMPATI",
    "deskripsi": "Gambar rusa (huruf U diganti A) dan empat jari tangan (ditambah huruf I)."
  },
  {
    "index": 195,
    "img": "https://www.cademedia.com/wp-content/uploads/2020/12/tebak-gambar-level-10-nomor-16.jpg",
    "jawaban": "LARIS MANIS",
    "deskripsi": "Gambar orang berlari, huruf S, orang mandi (huruf D dicoret), dan huruf S."
  },
  {
    "index": 196,
    "img": "https://www.cademedia.com/wp-content/uploads/2020/12/tebak-gambar-level-10-nomor-17.jpg",
    "jawaban": "KECANTIKAN WAJAH",
    "deskripsi": "Gambar kecoak (huruf O dicoret), huruf N, ikan (ditambah huruf T), dan wajan (huruf N diganti H)."
  },
  {
    "index": 197,
    "img": "https://www.cademedia.com/wp-content/uploads/2020/12/tebak-gambar-level-10-nomor-18.jpg",
    "jawaban": "SEKOPER LIONTIN",
    "deskripsi": "Gambar sekop, peri (huruf I dicoret), pion catur (huruf P diganti L), dan pin bowling (huruf P diganti T)."
  },
  {
    "index": 198,
    "img": "https://www.cademedia.com/wp-content/uploads/2020/12/tebak-gambar-level-10-nomor-19.jpg",
    "jawaban": "NOTA HUTANG",
    "deskripsi": "Gambar not lagu, huruf A, huruf HU, dan tang."
  },
  {
    "index": 199,
    "img": "https://www.cademedia.com/wp-content/uploads/2020/12/tebak-gambar-level-10-nomor-20.jpg",
    "jawaban": "SERDADU GAGAH DIANGKAT JADI KOMANDAN",
    "deskripsi": "Gambar dadu (ditambah huruf SER), dan gajah (huruf J diganti G).Gambar huruf DI, orang mengangkat beban, dan padi (huruf P diganti J).Gambar tanda koma, huruf N, dan tanda &."
  },
  {
    "index": 200,
    "img": "https://www.cademedia.com/wp-content/uploads/2020/12/tebak-gambar-level-11-nomor-1.jpg",
    "jawaban": "SEKUAT TENAGA",
    "deskripsi": "Gambar orang pamer otot (ditambah huruf SE) dan naga (ditambah huruf TE)."
  },
  {
    "index": 201,
    "img": "https://www.cademedia.com/wp-content/uploads/2020/12/tebak-gambar-level-11-nomor-2.jpg",
    "jawaban": "KURANG WARAS",
    "deskripsi": "Gambar penyu/kura-kura (ditambah huruf NG), burung dara/merpati (huruf D diganti W), dan huruf S."
  },
  {
    "index": 202,
    "img": "https://www.cademedia.com/wp-content/uploads/2020/12/tebak-gambar-level-11-nomor-3.jpg",
    "jawaban": "KULIT PISANG",
    "deskripsi": "Gambar huruf K, ulat (huruf A diganti I) dan menara miring pisa (ditambah huruf NG)."
  },
  {
    "index": 203,
    "img": "https://www.cademedia.com/wp-content/uploads/2020/12/tebak-gambar-level-11-nomor-4.jpg",
    "jawaban": "TOKO BORGOL",
    "deskripsi": "Gambar obor (ditambah huruf TOK), dan bola masuk gawang."
  },
  {
    "index": 204,
    "img": "https://www.cademedia.com/wp-content/uploads/2020/12/tebak-gambar-level-11-nomor-5.jpg",
    "jawaban": "MAMI PAPI",
    "deskripsi": "Gambar mumi (huruf U diganti A) dan api (dengan huruf P)."
  },
  {
    "index": 205,
    "img": "https://www.cademedia.com/wp-content/uploads/2020/12/tebak-gambar-level-11-nomor-6.jpg",
    "jawaban": "RUMPUT LIAR",
    "deskripsi": "Gambar rerumputan yang membentuk tulisan ‘Liar’."
  },
  {
    "index": 206,
    "img": "https://www.cademedia.com/wp-content/uploads/2020/12/tebak-gambar-level-11-nomor-7.jpg",
    "jawaban": "TISU MOBIL",
    "deskripsi": "Gambar pegulat sumo (ditambah huruf TI) dan pil (huruf P diganti B)."
  },
  {
    "index": 207,
    "img": "https://www.cademedia.com/wp-content/uploads/2020/12/tebak-gambar-level-11-nomor-8.jpg",
    "jawaban": "KIRIM BUNGA",
    "deskripsi": "Gambar orang mengangkat tangan kiri, huruf M, dan bunga."
  },
  {
    "index": 208,
    "img": "https://www.cademedia.com/wp-content/uploads/2020/12/tebak-gambar-level-11-nomor-9.jpg",
    "jawaban": "TANGAN KOSONG",
    "deskripsi": "Gambar tangan memegang angka 0."
  },
  {
    "index": 209,
    "img": "https://www.cademedia.com/wp-content/uploads/2020/12/tebak-gambar-level-11-nomor-10.jpg",
    "jawaban": "TUKANG BUBUR AYAM SEKARANG NAIK PELAMINAN",
    "deskripsi": "Gambar tulang (huruf L diganti K), huruf B, dan ubur-ubur.Gambar ayam, huruf SE, dan kerang (huruf E diganti A).Gambar naik tangga, pel (ditambah huruf A), mie, dan ban (huruf B diganti N)."
  },
  {
    "index": 210,
    "img": "https://www.cademedia.com/wp-content/uploads/2020/12/tebak-gambar-level-11-nomor-11.jpg",
    "jawaban": "GARIS POLISI",
    "deskripsi": "Gambar garis vertikal dan polisi."
  },
  {
    "index": 211,
    "img": "https://www.cademedia.com/wp-content/uploads/2020/12/tebak-gambar-level-11-nomor-12.jpg",
    "jawaban": "PENDIDIKAN JASMANI",
    "deskripsi": "Gambar kendi (huruf K diganti P), ikan (ditambah huruf D), jas, dan orang mandi (huruf D dicoret)."
  },
  {
    "index": 212,
    "img": "https://www.cademedia.com/wp-content/uploads/2020/12/tebak-gambar-level-11-nomor-13.jpg",
    "jawaban": "MOTIVASI BELAJAR",
    "deskripsi": "Gambar roti (huruf R diganti M), vas (dengan tambahan huruf I) dan orang belajar."
  },
  {
    "index": 213,
    "img": "https://www.cademedia.com/wp-content/uploads/2020/12/tebak-gambar-level-11-nomor-14.jpg",
    "jawaban": "TITIK DUA",
    "deskripsi": "Gambar huruf T, itik, dan angka 2."
  },
  {
    "index": 214,
    "img": "https://www.cademedia.com/wp-content/uploads/2020/12/tebak-gambar-level-11-nomor-15.jpg",
    "jawaban": "APELKU BUSUK",
    "deskripsi": "Gambar apel diatas kotak kubus, dan huruf UK."
  },
  {
    "index": 215,
    "img": "https://www.cademedia.com/wp-content/uploads/2020/12/tebak-gambar-level-11-nomor-16.jpg",
    "jawaban": "BERUSAHA PAHAMI",
    "deskripsi": "Gambar tanda seru (huruf S diganti B), dua daging paha (huruf P diganti S), dan microphone (huruf C dicoret)."
  },
  {
    "index": 216,
    "img": "https://www.cademedia.com/wp-content/uploads/2020/12/tebak-gambar-level-11-nomor-17.jpg",
    "jawaban": "KEMBAR SIAM",
    "deskripsi": "Gambar dua orang kembar dan bunga yang disiram (huruf R dicoret)."
  },
  {
    "index": 217,
    "img": "https://www.cademedia.com/wp-content/uploads/2020/12/tebak-gambar-level-11-nomor-18.jpg",
    "jawaban": "SUMBANGAN DONATUR",
    "deskripsi": "Gambar kumbang (huruf K diganti S), huruf AN, donat, dan huruf UR."
  },
  {
    "index": 218,
    "img": "https://www.cademedia.com/wp-content/uploads/2020/12/tebak-gambar-level-11-nomor-19.jpg",
    "jawaban": "AKU PUCAT",
    "deskripsi": "Gambar huruf A, kupu-kupu dan cat."
  },
  {
    "index": 219,
    "img": "https://www.cademedia.com/wp-content/uploads/2020/12/tebak-gambar-level-11-nomor-20.jpg",
    "jawaban": "JANGAN KAMU PAKSAKAN BILA TAK CINTA",
    "deskripsi": "Gambar tangan (huruf T diganti J), dan buku kamus (huruf S dicoret).Gambar paku (huruf U dicoret), orang makan (huruf M diganti S), dan biola (huruf O dicoret).Gambar tas (huruf S diganti K) dan lambang cinta."
  },
  {
    "index": 220,
    "img": "https://www.cademedia.com/wp-content/uploads/2020/12/tebak-gambar-level-12-nomor-1.jpg",
    "jawaban": "TARIK KESIMPULAN",
    "deskripsi": "Gambar orang menarik tali, huruf KE, SIM, dan bulan."
  },
  {
    "index": 221,
    "img": "https://www.cademedia.com/wp-content/uploads/2020/12/tebak-gambar-level-12-nomor-2.jpg",
    "jawaban": "BAJU MELAYU",
    "deskripsi": "Gambar batu, huruf ME, dan bunga layu."
  },
  {
    "index": 222,
    "img": "https://www.cademedia.com/wp-content/uploads/2020/12/tebak-gambar-level-12-nomor-3.jpg",
    "jawaban": "HARGA LONTONG",
    "deskripsi": "Gambar galon dan tong."
  },
  {
    "index": 223,
    "img": "https://www.cademedia.com/wp-content/uploads/2020/12/tebak-gambar-level-12-nomor-4.jpg",
    "jawaban": "LAYAR KACA",
    "deskripsi": "Gambar kapal layar dan kaca."
  },
  {
    "index": 224,
    "img": "https://www.cademedia.com/wp-content/uploads/2020/12/tebak-gambar-level-12-nomor-5.jpg",
    "jawaban": "KOTA BESAR",
    "deskripsi": "Gambar tulisan “kota” yang tercetak besar."
  },
  {
    "index": 225,
    "img": "https://www.cademedia.com/wp-content/uploads/2020/12/tebak-gambar-level-12-nomor-6.jpg",
    "jawaban": "BANTING RAKET",
    "deskripsi": "Gambar huruf B, anting dan raket."
  },
  {
    "index": 226,
    "img": "https://www.cademedia.com/wp-content/uploads/2020/12/tebak-gambar-level-12-nomor-7.jpg",
    "jawaban": "SAKSI BISU",
    "deskripsi": "Gambar taksi dan bis."
  },
  {
    "index": 227,
    "img": "https://www.cademedia.com/wp-content/uploads/2020/12/tebak-gambar-level-12-nomor-8.jpg",
    "jawaban": "BAGIAN LANGKA",
    "deskripsi": "Gambar lambang bagi, huruf AN, huruf L, dan angka."
  },
  {
    "index": 228,
    "img": "https://www.cademedia.com/wp-content/uploads/2020/12/tebak-gambar-level-12-nomor-9.jpg",
    "jawaban": "HARGA SOLAR",
    "deskripsi": "Gambar harga dan lambang dolar."
  },
  {
    "index": 229,
    "img": "https://www.cademedia.com/wp-content/uploads/2020/12/tebak-gambar-level-12-nomor-10.jpg",
    "jawaban": "BELAJAR KERAS SIANG MALAM SAMPAI PUSING",
    "deskripsi": "Gambar anak belajar, kera/monyet, dan huruf S.Gambar matahari dan bulan.Gambar sampah, dan orang pusing."
  },
  {
    "index": 230,
    "img": "https://www.cademedia.com/wp-content/uploads/2020/12/tebak-gambar-level-12-nomor-11.jpg",
    "jawaban": "CARI JAWABAN",
    "deskripsi": "Gambar jari, orang jawa, dan ban."
  },
  {
    "index": 231,
    "img": "https://www.cademedia.com/wp-content/uploads/2020/12/tebak-gambar-level-12-nomor-12.jpg",
    "jawaban": "KALKULASI PUTARAN",
    "deskripsi": "Gambar ayam kalkun, orang mengelas, siput dan orang Arab."
  },
  {
    "index": 232,
    "img": "https://www.cademedia.com/wp-content/uploads/2020/12/tebak-gambar-level-12-nomor-13.jpg",
    "jawaban": "KAMERA RUSAK",
    "deskripsi": "Gambar huruf K berwarna merah, rusa, dan huruf K."
  },
  {
    "index": 233,
    "img": "https://www.cademedia.com/wp-content/uploads/2020/12/tebak-gambar-level-12-nomor-14.jpg",
    "jawaban": "PANJANG KARTU",
    "deskripsi": "Gambar panci, jangkar, dan huruf TU."
  },
  {
    "index": 234,
    "img": "https://www.cademedia.com/wp-content/uploads/2020/12/tebak-gambar-level-12-nomor-15.jpg",
    "jawaban": "KECAMATAN MAJU",
    "deskripsi": "Gambar kecap, mata, huruf N, dan madu."
  },
  {
    "index": 235,
    "img": "https://www.cademedia.com/wp-content/uploads/2020/12/tebak-gambar-level-12-nomor-16.jpg",
    "jawaban": "BEBAN DOSAKU",
    "deskripsi": "Gambar huruf BE, bando dan saku."
  },
  {
    "index": 236,
    "img": "https://www.cademedia.com/wp-content/uploads/2020/12/tebak-gambar-level-12-nomor-171.jpg",
    "jawaban": "PEDANGDUT GANTENG",
    "deskripsi": "Gambar pedang, dot, dan teng (tank)."
  },
  {
    "index": 237,
    "img": "https://www.cademedia.com/wp-content/uploads/2020/12/tebak-gambar-level-12-nomor-17.jpg",
    "jawaban": "SURYA TENGGELAM",
    "deskripsi": "Gambar anak kecil meneriakkan kata “SURYA” dan tangan tenggelam."
  },
  {
    "index": 238,
    "img": "https://www.cademedia.com/wp-content/uploads/2020/12/tebak-gambar-level-12-nomor-19.jpg",
    "jawaban": "NAMA WARGA",
    "deskripsi": "Gambar huruf NA, bunga mawar dan gas."
  },
  {
    "index": 239,
    "img": "https://www.cademedia.com/wp-content/uploads/2020/12/tebak-gambar-level-12-nomor-20.jpg",
    "jawaban": "SURAT EDARAN ASLI PENANGKAPAN ANAK PEJABAT",
    "deskripsi": "Gambar surat, huruf E, dan darah.Gambar kartu as, huruf LI, anak juara, dan kapal.Gambar anak, pena, dan batu."
  },
  {
    "index": 240,
    "img": "https://www.cademedia.com/wp-content/uploads/2020/12/tebak-gambar-level-13-nomor-1.jpg",
    "jawaban": "CERITA IMAJINASI",
    "deskripsi": "Gambar buah ceri, tai, huruf MA, jin, dan nasi."
  },
  {
    "index": 241,
    "img": "https://www.cademedia.com/wp-content/uploads/2020/12/tebak-gambar-level-13-nomor-2.jpg",
    "jawaban": "HUBUNGAN MEMANAS",
    "deskripsi": "Gambar huruf HU, bunga, huruf N, huruf ME, dan monas."
  },
  {
    "index": 242,
    "img": "https://www.cademedia.com/wp-content/uploads/2020/12/tebak-gambar-level-13-nomor-3.jpg",
    "jawaban": "PELANGGARAN BERAT",
    "deskripsi": "Gambar pelangi, burung dara, huruf N, dan orang buang air besar (berak)."
  },
  {
    "index": 243,
    "img": "https://www.cademedia.com/wp-content/uploads/2020/12/tebak-gambar-level-13-nomor-4.jpg",
    "jawaban": "BAHAN TULISAN",
    "deskripsi": "Gambar hantu dan lipan."
  },
  {
    "index": 244,
    "img": "https://www.cademedia.com/wp-content/uploads/2020/12/tebak-gambar-level-13-nomor-5.jpg",
    "jawaban": "KELUARGA NELAYAN",
    "deskripsi": "Gambar keluarga dan nelayan."
  },
  {
    "index": 245,
    "img": "https://www.cademedia.com/wp-content/uploads/2020/12/tebak-gambar-level-13-nomor-6.jpg",
    "jawaban": "PUSAT EVALUASI",
    "deskripsi": "Gambar pusar, huruf E, palu, dan nasi."
  },
  {
    "index": 246,
    "img": "https://www.cademedia.com/wp-content/uploads/2020/12/tebak-gambar-level-13-nomor-7.jpg",
    "jawaban": "BACA PIKIRAN",
    "deskripsi": "Gambar orang membaca dan pikiran/otak."
  },
  {
    "index": 247,
    "img": "https://www.cademedia.com/wp-content/uploads/2020/12/tebak-gambar-level-13-nomor-8.jpg",
    "jawaban": "PINJAM BANTAL",
    "deskripsi": "Gambar pin bowling, jamban (kloset), dan tali."
  },
  {
    "index": 248,
    "img": "https://www.cademedia.com/wp-content/uploads/2020/12/tebak-gambar-level-13-nomor-9.jpg",
    "jawaban": "RAMBUT KERITING",
    "deskripsi": "Gambar rambu, huruf T, dan kepiting."
  },
  {
    "index": 249,
    "img": "https://www.cademedia.com/wp-content/uploads/2020/12/tebak-gambar-level-13-nomor-10.jpg",
    "jawaban": "PRESIDEN PRIHATIN NASIB PENDUDUK MISKIN",
    "deskripsi": "Gambar presiden, peri, hati, dan huruf N.Gambar nasi, huruf B, per, dan orang duduk.Gambar mi, orang bermain ski, dan huruf N."
  },
  {
    "index": 250,
    "img": "https://www.cademedia.com/wp-content/uploads/2020/12/tebak-gambar-level-13-nomor-11.jpg",
    "jawaban": "PRIA DUNGU",
    "deskripsi": "Gambar peri, dan huruf D yang berwarna ungu."
  },
  {
    "index": 251,
    "img": "https://www.cademedia.com/wp-content/uploads/2020/12/tebak-gambar-level-13-nomor-12.jpg",
    "jawaban": "PANTAUAN POLISI",
    "deskripsi": "Gambar pantai, uang, dan polisi."
  },
  {
    "index": 252,
    "img": "https://www.cademedia.com/wp-content/uploads/2020/12/tebak-gambar-level-13-nomor-13.jpg",
    "jawaban": "SIFAT BAIK",
    "deskripsi": "Gambar sikat dan batik."
  },
  {
    "index": 253,
    "img": "https://www.cademedia.com/wp-content/uploads/2020/12/tebak-gambar-level-13-nomor-14.jpg",
    "jawaban": "OBATI KESEPIAN",
    "deskripsi": "Gambar obat, huruf I, keset, pita, dan huruf N."
  },
  {
    "index": 254,
    "img": "https://www.cademedia.com/wp-content/uploads/2020/12/tebak-gambar-level-13-nomor-15.jpg",
    "jawaban": "DARAH PANAS",
    "deskripsi": "Gambar darah dan termometer."
  },
  {
    "index": 255,
    "img": "https://www.cademedia.com/wp-content/uploads/2020/12/tebak-gambar-level-13-nomor-16.jpg",
    "jawaban": "HORMATI GADIS",
    "deskripsi": "Gambar orang hormat, jari, dan bis."
  },
  {
    "index": 256,
    "img": "https://www.cademedia.com/wp-content/uploads/2020/12/tebak-gambar-level-13-nomor-17.jpg",
    "jawaban": "BASKOM AIR",
    "deskripsi": "Gambar gitar bass, tanda koma, dan tetesan air."
  },
  {
    "index": 257,
    "img": "https://www.cademedia.com/wp-content/uploads/2020/12/tebak-gambar-level-13-nomor-18.jpg",
    "jawaban": "PERUSAHAAN KECIL",
    "deskripsi": "Gambar perut, daging paha, huruf AN, peci, dan huruf L."
  },
  {
    "index": 258,
    "img": "https://www.cademedia.com/wp-content/uploads/2020/12/tebak-gambar-level-13-nomor-19.jpg",
    "jawaban": "KOIN TIPIS",
    "deskripsi": "Gambar huruf KO, orang mengintip dan pisau."
  },
  {
    "index": 259,
    "img": "https://www.cademedia.com/wp-content/uploads/2020/12/tebak-gambar-level-13-nomor-20.jpg",
    "jawaban": "GADIS BISU MERANGKUL GULING KETIKA TIDUR",
    "deskripsi": "Gambar gading gajah, huruf S, bis, dan huruf U.Gambar kerang, kembang kol, dan guling.Gambar tangan mengetik, huruf A, dan orang tidur."
  },
  {
    "index": 260,
    "img": "https://www.cademedia.com/wp-content/uploads/2020/12/tebak-gambar-level-14-nomor-1.jpg",
    "jawaban": "PELUKAN MAMA",
    "deskripsi": "Gambar pel, ikan, dan mata."
  },
  {
    "index": 261,
    "img": "https://www.cademedia.com/wp-content/uploads/2020/12/tebak-gambar-level-14-nomor-2.jpg",
    "jawaban": "PANGKAT POLISI",
    "deskripsi": "Gambar huruf P, orang mengangkat benda, voli, dan huruf SI."
  },
  {
    "index": 262,
    "img": "https://www.cademedia.com/wp-content/uploads/2020/12/tebak-gambar-level-14-nomor-3.jpg",
    "jawaban": "API PANAS",
    "deskripsi": "Gambar huruf A, pipa dan kartu remi N & AS."
  },
  {
    "index": 263,
    "img": "https://www.cademedia.com/wp-content/uploads/2020/12/tebak-gambar-level-14-nomor-4.jpg",
    "jawaban": "RACUN SERANGGA",
    "deskripsi": "Gambar racun, huruf SE, dan mangga."
  },
  {
    "index": 264,
    "img": "https://www.cademedia.com/wp-content/uploads/2020/12/tebak-gambar-level-14-nomor-5.jpg",
    "jawaban": "MACAN OMPONG",
    "deskripsi": "Gambar orang makan dengan gigi ompong."
  },
  {
    "index": 265,
    "img": "https://www.cademedia.com/wp-content/uploads/2020/12/tebak-gambar-level-14-nomor-6.jpg",
    "jawaban": "TANGGAL TUA",
    "deskripsi": "Gambar tangga (dengan huruf L) dan orang tua."
  },
  {
    "index": 266,
    "img": "https://www.cademedia.com/wp-content/uploads/2020/12/tebak-gambar-level-14-nomor-7.jpg",
    "jawaban": "LORONG WAKTU",
    "deskripsi": "Gambar orang mendorong dan jam."
  },
  {
    "index": 267,
    "img": "https://www.cademedia.com/wp-content/uploads/2020/12/tebak-gambar-level-14-nomor-8.jpg",
    "jawaban": "HIDUNG BELANG",
    "deskripsi": "Gambar hidung, huruf B, dan elang."
  },
  {
    "index": 268,
    "img": "https://www.cademedia.com/wp-content/uploads/2020/12/tebak-gambar-level-14-nomor-9.jpg",
    "jawaban": "IBUKU PANDAI",
    "deskripsi": "Gambar huruf I, buku, panda, dan huruf I."
  },
  {
    "index": 269,
    "img": "https://www.cademedia.com/wp-content/uploads/2020/12/tebak-gambar-level-14-nomor-10.jpg",
    "jawaban": "RATU KECANTIKAN DUNIA MAKAN ROTI BAKAR / *RONA WAJAH ALAMI RATU KECANTIKAN DUNIA",
    "deskripsi": "Gambar ratu, keran, huruf T, dan ikan.Gambar dunia, dan anak makan.Gambar roti, huruf B, dan akar."
  },
  {
    "index": 270,
    "img": "https://www.cademedia.com/wp-content/uploads/2020/12/tebak-gambar-level-14-nomor-11.jpg",
    "jawaban": "GAPURA JAWA",
    "deskripsi": "Gambar garpu dan raja."
  },
  {
    "index": 271,
    "img": "https://www.cademedia.com/wp-content/uploads/2020/12/tebak-gambar-level-14-nomor-12.jpg",
    "jawaban": "TULAR PENYAKIT",
    "deskripsi": "Gambar ular, penyu/kura, dan rakit."
  },
  {
    "index": 272,
    "img": "https://www.cademedia.com/wp-content/uploads/2020/12/tebak-gambar-level-14-nomor-13.jpg",
    "jawaban": "LAPANGAN KERJA",
    "deskripsi": "Gambar lapangan dan orang berangkat kerja."
  }
]
